rank,name,id,bubble,reviewCount,priceRange,claimed,travelers,photos,thefork,justeat,cuisines,diets,meals,features,neigh,excellent,verygood,average,poor,terrible,revEnglish,revSpanish
1,Los Montes de Galicia,d2006562,5.0,11554,$$ - $$$,True,True,7338,False,False,"Spanish, International, Mediterranean, Healthy","Vegan Options, Gluten Free Options","Lunch, Dinner, Brunch, Late Night, Drinks","Reservations, Private Dining, Seating, Television, Highchairs Available, Wheelchair Accessible, Serves Alcohol, Full Bar, Free Wifi, Accepts Credit Cards, Table Service",Salamanca (District),1766,136,30,6,6,1944,8434
2,Brunchit Chueca,d25378968,5.0,142,$$$$,True,False,133,False,False,"International, Cafe, Healthy",,"Breakfast, Lunch, Brunch, Drinks, Dinner","Seating, Serves Alcohol, Free Wifi, Accepts Credit Cards, Table Service, Reservations, Highchairs Available, Wine and Beer, Dog Friendly",0.2 miles from Gay Madrid & the Chueca District,31,1,0,0,0,32,97
3,Restaurante La Gaditana,d5787470,4.5,2387,$$ - $$$,True,True,817,False,False,"Mediterranean, European, Spanish, Healthy","Vegetarian Friendly, Vegan Options, Gluten Free Options",,,Salamanca (District),100,14,0,3,3,120,2173
4,Sibuya Urban Sushi Bar · CC Caleido,d25126529,5.0,432,$$ - $$$,True,False,124,False,False,,,"Lunch, Dinner","Reservations, Seating, Table Service",1.7 miles from Santiago Bernabeu Stadium,8,0,0,0,0,8,423
5,Billy Brunch,d25300877,5.0,118,$$ - $$$,True,False,152,False,False,"French, American, Swiss, European",,"Breakfast, Lunch, Brunch",,0.3 miles from Gay Madrid & the Chueca District,28,1,0,0,0,29,81
6,Kathmandu Tandoori House,d12488993,5.0,2675,$$ - $$$,True,True,905,False,False,"Indian, Asian, Healthy, Nepali","Vegetarian Friendly, Vegan Options, Gluten Free Options",,,Barajas (District),846,27,9,2,4,888,1687
7,Zenith Brunch & Cocktails - Desengaño,d25370839,5.0,312,$$ - $$$,True,False,219,False,False,"American, Cafe, Contemporary, Healthy",,"Breakfast, Lunch, Brunch","Delivery, Seating, Wheelchair Accessible, Serves Alcohol, Accepts Mastercard, Accepts Visa, Free Wifi, Accepts Credit Cards, Non-smoking restaurants, Gift Cards Available, Highchairs Available, Table Service",0.2 miles from Gran Via,176,12,2,0,0,190,92
8,El Sur de Moratín,d25460152,5.0,572,$$ - $$$,True,False,323,False,False,Spanish,,"Lunch, Dinner, Late Night, Drinks",,0.2 miles from Caixa Forum,212,12,2,2,2,230,204
9,Ástor,d11896546,5.0,1870,$$ - $$$,True,True,1347,False,False,"International, Mediterranean, European, Fusion, Healthy","Vegetarian Friendly, Vegan Options, Gluten Free Options","Lunch, Dinner, Drinks","Reservations, Seating, Highchairs Available, Wheelchair Accessible, Serves Alcohol, Full Bar, Accepts Mastercard, Accepts Visa, Free Wifi, Accepts Credit Cards, Table Service, Gift Cards Available",Centro,435,27,2,3,4,471,1022
10,Pastamore Alcalá,d18480953,5.0,1029,$$ - $$$,True,True,497,False,True,"Italian, Pizza, Mediterranean, Healthy, Tuscan, Sicilian, Central-Italian, Southern-Italian",Vegetarian Friendly,,,Salamanca (District),112,7,0,0,0,119,826
11,Brunchit Malasaña,d24123606,5.0,553,$$ - $$$,True,False,517,False,False,"Cafe, Mediterranean, Healthy, International","Vegetarian Friendly, Vegan Options, Gluten Free Options","Breakfast, Lunch, Brunch, Drinks",,0.3 miles from Gran Via,190,9,1,1,1,202,281
12,Steak Burger Fuencarral,d5827906,4.5,3662,$$ - $$$,True,True,1063,False,False,"American, Barbecue","Vegetarian Friendly, Gluten Free Options",,,Universidad,279,74,15,13,11,392,2982
13,Almalibre Açai House Madrid,d18930235,5.0,159,$$ - $$$,True,True,100,False,False,"Cafe, Healthy","Vegetarian Friendly, Vegan Options",,,Salesas,29,0,0,0,0,29,125
14,Nepali Kathmandu Tandoori House,d23810194,5.0,85,$$ - $$$,True,True,29,False,True,"Indian, Asian, Nepali","Vegetarian Friendly, Vegan Options","Lunch, Dinner, Drinks","Delivery, Takeout, Seating, Serves Alcohol, Free Wifi, Table Service, Reservations, Street Parking, Free off-street parking, Wine and Beer, Accepts Credit Cards, Drive Thru, Family style",1.6 miles from Parque Juan Carlos I,45,1,0,0,0,46,38
15,Pizzart Villa Luchana,d23748800,5.0,808,$$ - $$$,True,True,250,False,False,"Italian, Pizza, Healthy, Central-Italian, Tuscan, Romana, Lazio, Sicilian, Southern-Italian","Vegetarian Friendly, Vegan Options",,,,41,3,0,2,2,48,748
16,Zenith Brunch & Cocktails - Valverde,d17340009,5.0,3636,$$ - $$$,True,False,2481,False,False,"Cafe, European, Healthy, International","Vegetarian Friendly, Vegan Options, Gluten Free Options","Breakfast, Lunch, Brunch, Drinks","Seating, Highchairs Available, Serves Alcohol, Full Bar, Free Wifi, Accepts Credit Cards, Table Service, Gift Cards Available",Universidad,1670,138,20,10,10,1848,1167
17,Trattoria Pulcinella,d795373,4.5,2808,$$ - $$$,True,True,1089,False,False,"Italian, Neapolitan, Campania, Romana, Lazio, Sicilian, Central-Italian, Southern-Italian","Vegetarian Friendly, Vegan Options, Gluten Free Options","Lunch, Dinner","Takeout, Outdoor Seating, Full Bar, Reservations, Seating, Street Parking, Highchairs Available, Wheelchair Accessible, Serves Alcohol, Wine and Beer, Accepts American Express, Accepts Mastercard, Accepts Visa, Digital Payments, Cash Only, Free Wifi, Accepts Credit Cards, Table Service, Family style",Centro,324,45,10,3,8,390,2118
18,La Vaca Argentina Ventura,d23820424,5.0,1424,$$ - $$$,True,True,1095,False,False,"Steakhouse, Barbecue, Argentinean",,"Lunch, Dinner, Late Night, Drinks",,,292,15,8,2,2,319,841
19,Steakburger Preciados,d12664284,4.5,1563,$$ - $$$,True,True,685,False,False,"Argentinean, American",Gluten Free Options,,,Sol,197,37,10,3,14,261,1108
20,steakburger Las Tablas ,d26271928,5.0,215,$$ - $$$,True,False,84,False,True,"American, Steakhouse, Mediterranean, Grill",,"Lunch, Dinner, Late Night, Drinks","Seating, Table Service, Reservations",,2,1,0,0,0,3,212
21,La Pizzateca,d2086638,4.5,1155,$,True,True,283,False,True,"Italian, Pizza, Fast Food, Mediterranean, Healthy, Romana, Lazio, Central-Italian","Vegetarian Friendly, Vegan Options","Lunch, Dinner","Delivery, Takeout, Reservations, Serves Alcohol, Wine and Beer, Accepts American Express, Accepts Mastercard, Accepts Visa, Free Wifi, Wheelchair Accessible, Accepts Credit Cards, Table Service",Huertas,322,53,10,2,2,389,557
22,Entre Santos Madrid,d14062978,5.0,1352,$$ - $$$,True,True,1453,False,False,"Mediterranean, Spanish, Fusion, European, Healthy, Contemporary","Vegetarian Friendly, Vegan Options, Gluten Free Options","Dinner, Late Night, Drinks","Seating, Serves Alcohol, Full Bar, Free Wifi, Accepts Credit Cards, Table Service, Wine and Beer, Digital Payments, Dog Friendly",Centro,420,27,7,5,5,464,397
23,Malvón Paseo del Prado,d23813088,5.0,115,$$ - $$$,True,False,54,False,False,"Argentinean, Fast Food",Vegetarian Friendly,"Breakfast, Lunch, Dinner",,0.2 miles from Prado National Museum,18,1,0,0,0,19,88
24,Pizzart Villa Recoletos,d26271599,5.0,203,$$ - $$$,True,False,90,False,False,"Italian, Pizza, Mediterranean",,"Breakfast, Lunch, Dinner, Brunch, Late Night, Drinks",,0.3 miles from Paseo del Prado,17,0,1,0,0,18,176
25,Steak Burger Luchana,d3599952,4.5,1551,$$ - $$$,True,True,355,False,False,"American, Fast Food, Barbecue","Vegetarian Friendly, Gluten Free Options",,,Chamberi,91,30,10,3,0,134,1345
26,Oven Mozzarella,d24190348,5.0,732,$$ - $$$,True,False,327,False,False,"Italian, Pizza, Healthy, Central-Italian, Southern-Italian","Vegetarian Friendly, Gluten Free Options","Breakfast, Lunch, Dinner",,0.1 miles from Puerta del Sol,87,11,2,1,2,103,581
27,Taberna de Peñalver,d21328133,5.0,1174,$$ - $$$,True,True,933,False,False,"Seafood, Mediterranean, Spanish, Healthy, Dining bars",,"Breakfast, Lunch, Dinner, Drinks",,Salamanca (District),175,4,3,2,3,187,807
28,Steakburger Arenal,d17351325,5.0,1793,$$ - $$$,True,True,781,False,False,"American, Steakhouse, Barbecue",Gluten Free Options,,,Sol,280,26,16,5,7,334,1154
29,El Velázquez 17 - Restaurante,d7229136,4.5,635,$$ - $$$,True,True,408,False,True,"Mediterranean, European, Spanish, Contemporary, Fusion","Vegetarian Friendly, Vegan Options, Gluten Free Options",,,Salamanca (District),70,27,2,3,5,107,503
30,Sibuya Urban Sushi Bar Madrid C/Orense,d19600810,5.0,884,$$ - $$$,True,True,397,False,False,"Japanese, Sushi, Asian, Healthy, Japanese Fusion",,"Lunch, Dinner, Drinks",,Cuatro Caminos,14,1,0,0,0,15,867
31,Pizzart Villa Fuencarral,d23151163,5.0,971,$$ - $$$,True,False,407,False,True,"Italian, Pizza, Romana, Lazio, Central-Italian, Southern-Italian, Mediterranean, Healthy, Neapolitan, Campania, Tuscan, Sicilian","Vegetarian Friendly, Vegan Options",,,Centro,64,3,1,0,0,68,845
32,Peppe Fusco The Italian,d23845263,5.0,609,$$ - $$$,True,True,341,False,False,"Italian, Mediterranean, Healthy, Neapolitan, Campania, Tuscan, Central-Italian, Southern-Italian",,"Lunch, Dinner","Reservations, Seating, Serves Alcohol, Full Bar, Table Service",0.2 miles from Malasana,42,3,0,1,0,46,531
33,Azotea Forus Barcelo,d10730339,5.0,2176,$$ - $$$,True,False,540,False,False,"International, European, Spanish, Healthy, Street Food","Vegetarian Friendly, Vegan Options, Gluten Free Options",,,Centro,115,10,5,4,3,137,1965
34,Maruzzella,d1059471,4.5,1038,$$ - $$$,True,True,332,False,False,"Italian, Neapolitan, Campania, Tuscan, Romana, Lazio, Sicilian, Central-Italian, Southern-Italian","Vegetarian Friendly, Vegan Options, Gluten Free Options",,,Chamberi,28,12,2,0,0,42,937
35,Taberna el Sur,d2527526,4.5,8601,$$ - $$$,True,True,5190,False,False,"Bar, Mediterranean, European, Spanish","Vegetarian Friendly, Vegan Options, Gluten Free Options","Lunch, Dinner, Brunch, Late Night","Highchairs Available, Reservations, Seating, Serves Alcohol, Full Bar, Wine and Beer, Free Wifi, Accepts Credit Cards, Table Service",Embajadores,3288,403,84,36,18,3829,1828
36,Ornella Velázquez,d8855793,4.5,2364,$$ - $$$,True,True,1001,False,False,"Italian, Mediterranean, European, Healthy, Neapolitan, Campania, Tuscan, Romana, Lazio, Sicilian, Central-Italian, Southern-Italian","Vegetarian Friendly, Vegan Options, Gluten Free Options","Lunch, Dinner","Reservations, Private Dining, Seating, Highchairs Available, Wheelchair Accessible, Serves Alcohol, Full Bar, Free Wifi, Accepts Credit Cards, Table Service",Salamanca (District),104,20,11,5,6,146,2104
37,Steakburger Gran Vía 16,d12581722,5.0,5599,$$ - $$$,True,True,2131,False,False,"American, Steakhouse, Barbecue","Vegetarian Friendly, Gluten Free Options",,,Justicia,689,117,28,16,27,877,3788
38,WelkhomeClub,d17835300,4.5,176,$,True,True,146,True,True,"Latin, Mediterranean, International, Fusion, Gastropub","Vegetarian Friendly, Vegan Options",,,Chamberi,24,0,0,0,0,24,148
39,SteakBurger Gran Vía 55,d21090214,5.0,1514,$$ - $$$,True,True,610,False,False,"American, Steakhouse",Gluten Free Options,,,Centro,95,13,4,0,2,114,1322
40,La Bistroteca,d9879706,5.0,1065,$$ - $$$,True,True,1100,False,False,Fusion,"Vegetarian Friendly, Gluten Free Options",,,Salamanca (District),14,3,0,0,1,18,1034
41,Steakburger Atocha,d7225121,4.5,3938,$$ - $$$,True,True,1178,False,False,,Gluten Free Options,"Lunch, Dinner",,Paseo del Prado,500,134,31,8,12,685,2697
42,Oven mozzarella Las Tablas,d10509960,4.5,1363,$$ - $$$,True,True,317,False,True,"Italian, Pizza, Mediterranean, European","Vegetarian Friendly, Vegan Options",,,Valverde,23,7,3,3,0,36,1312
43,Taberna Más Al Sur,d8396325,4.5,6365,$$ - $$$,True,True,3872,False,False,"Mediterranean, European, Spanish, Healthy","Vegetarian Friendly, Vegan Options, Gluten Free Options",,,Embajadores,2030,212,37,16,14,2309,1978
44,Amordmadre,d18186946,5.0,439,$$ - $$$,True,False,294,False,False,"Mediterranean, Spanish, Healthy, Fusion, Street Food",Vegan Options,,,Ensanche de Vallecas,2,0,0,0,0,2,437
45,Sibuya Urban Sushi Bar Chueca,d14962689,4.5,1023,$$ - $$$,True,True,638,False,False,"Japanese, Sushi, Asian, Healthy, Japanese Fusion","Vegetarian Friendly, Vegan Options, Gluten Free Options",,,Salesas,47,6,5,0,2,60,935
46,Pizzart Villa Canalejas,d19600933,5.0,914,$$ - $$$,True,True,433,False,False,"Italian, Pizza, Mediterranean, Healthy, Tuscan, Romana, Lazio, Sicilian, Central-Italian, Southern-Italian","Vegetarian Friendly, Vegan Options",,,Centro,80,4,1,0,1,86,753
47,Pummarola,d819624,4.5,604,$$ - $$$,True,True,177,False,False,"Italian, Pizza, Mediterranean, European, Neapolitan, Campania, Tuscan, Central-Italian, Southern-Italian","Vegetarian Friendly, Vegan Options, Gluten Free Options",,,,8,6,0,0,0,14,575
48,Oven Mozzarella Atocha,d12442637,4.5,2985,$$ - $$$,True,True,1216,False,False,"Italian, Tuscan, Central-Italian","Vegetarian Friendly, Vegan Options",,,Paseo del Prado,384,64,27,4,5,484,2150
49,Cícero,d991585,5.0,169,$$$$,True,True,155,True,False,"Mediterranean, Spanish, Grill, Fusion",,"Lunch, Dinner, Late Night, Drinks",,Retiro,19,1,0,0,0,20,143
50,Astral,d991697,5.0,312,$$ - $$$,True,True,96,False,True,"Mediterranean, European, Spanish","Vegetarian Friendly, Vegan Options, Gluten Free Options","Breakfast, Lunch, Dinner, Brunch, Drinks",,Carabanchel,2,0,0,1,0,3,306
51,Eiffel,d991522,4.5,1024,$$ - $$$,True,True,647,False,False,"Spanish, Mediterranean, European","Vegetarian Friendly, Vegan Options, Gluten Free Options",,,Latina,66,4,2,0,0,72,902
52,Pituca Madrid,d23524706,5.0,1064,$$ - $$$,True,True,552,False,False,"Peruvian, Latin",Gluten Free Options,"Lunch, Dinner, Drinks",,Arguelles,43,3,4,2,2,54,974
53,Bardero,d23417306,5.0,108,$$ - $$$,True,True,121,False,False,"Mediterranean, Spanish, Contemporary, Dining bars, Japanese Fusion, European, Healthy",Gluten Free Options,"Lunch, Dinner",,Palos de Moguer,13,0,0,0,0,13,92
54,Oven Mozzarella Bar,d21067924,5.0,2269,$$ - $$$,True,True,971,False,False,"Italian, Pizza, Mediterranean, Healthy",Vegetarian Friendly,"Lunch, Dinner, Late Night, Drinks","Delivery, Takeout, Reservations, Seating, Serves Alcohol, Full Bar, Accepts Credit Cards, Table Service, Gift Cards Available",Centro,152,20,10,6,12,200,1965
55,Pilar Akaneya,d21058665,5.0,278,$$$$,True,True,530,False,False,"Japanese, Barbecue, Kyoto cuisine, Asian",,"Lunch, Dinner",,Chamberi,31,0,2,0,0,33,232
56,Cervecería El Caño,d16807647,5.0,272,$,True,True,98,True,False,"Bar, Spanish, Venezuelan",,"Breakfast, Lunch, Dinner, Drinks","Reservations, Seating, Serves Alcohol, Full Bar, Accepts Credit Cards, Table Service",Imperial,30,4,0,0,1,35,204
57,Lettera Trattoria Moderna,d19738350,5.0,1568,$$ - $$$,True,True,1319,True,True,"Italian, Mediterranean, European, Neapolitan, Campania, Tuscan, Romana, Lazio, Sicilian, Central-Italian, Southern-Italian",Vegetarian Friendly,,,Justicia,173,9,8,0,3,193,1244
58,Empanadas Malvón,d17609785,5.0,300,$$ - $$$,True,True,146,False,False,Argentinean,Vegetarian Friendly,,,Retiro,18,1,1,0,0,20,264
59,El Trébol 1983 Pizzas y Empanadas,d12157666,5.0,271,$$ - $$$,True,True,190,False,True,"Pizza, Argentinean, Healthy, Gastropub",Vegetarian Friendly,,,Sol,17,6,1,0,1,25,234
60,Oven Mozzarella Bernabeu,d23751367,5.0,291,$$ - $$$,True,True,123,False,False,"Italian, Pizza, Lazio, Central-Italian, Healthy","Vegetarian Friendly, Gluten Free Options",,,0.3 miles from Santiago Bernabeu Stadium,17,1,0,1,0,19,260
61,Taberna El Sur de Huertas,d14109792,4.5,2631,$$ - $$$,True,True,1449,False,False,Spanish,"Vegetarian Friendly, Vegan Options, Gluten Free Options",,,Huertas,787,90,23,8,6,914,908
62,Sibuya Urban Sushi Bar Madrid C/ibiza,d23443725,5.0,728,$$ - $$$,True,True,244,False,False,"Japanese, Sushi, Asian, Healthy, Japanese Fusion",,"Lunch, Dinner, Drinks","Delivery, Takeout, Reservations, Seating, Serves Alcohol, Full Bar, Accepts Credit Cards, Table Service, Wine and Beer",Retiro,17,0,0,0,1,18,704
63,JUNGLEKING - Food Monarchy,d25414321,5.0,962,$$ - $$$,True,False,1035,True,False,"American, International, European, Healthy",,"Breakfast, Lunch, Dinner, Brunch, Drinks, Late Night",,0.1 miles from Plaza Mayor,165,5,3,3,2,178,656
64,Oven Mozzarella Fuencarral,d7062431,4.5,4160,$$ - $$$,True,True,1541,False,False,"Italian, Pizza, Mediterranean, European, Neapolitan, Campania, Southern-Italian","Vegetarian Friendly, Vegan Options",,,Centro,648,171,33,14,15,881,2712
65,Cherry Pecas,d8635064,4.5,1549,$,True,False,362,False,True,"Mexican, Latin, Fast Food, Central American","Vegetarian Friendly, Vegan Options, Gluten Free Options",,,Chamberi,65,7,4,1,0,77,1452
66,La descarada,d14157996,5.0,365,$$ - $$$,True,True,268,True,False,"Mediterranean, European, Spanish","Vegetarian Friendly, Gluten Free Options",,,Salamanca (District),19,0,0,0,1,20,324
67,Mu! El Placer De La Carne,d9455140,4.5,2970,$$ - $$$,True,True,1457,False,False,"Steakhouse, Latin, Barbecue, Argentinean",Gluten Free Options,,,Sol,610,86,18,10,7,731,1163
68,Deleïte Restaurante,d13372393,5.0,189,$$ - $$$,True,False,232,False,False,"Spanish, Mediterranean, Fusion","Vegetarian Friendly, Vegan Options, Gluten Free Options",,,Timon,9,0,0,0,0,9,172
69,Malafemmena,d14976329,4.5,1521,$$ - $$$,True,True,847,False,False,"Italian, Neapolitan","Vegetarian Friendly, Vegan Options, Gluten Free Options","Lunch, Dinner, Brunch, Drinks",,Salamanca (District),28,2,1,0,0,31,1457
70,Santita Virgen de los Peligros,d17655334,5.0,1096,$$ - $$$,True,True,609,False,True,"Mexican, Latin, Healthy","Vegan Options, Gluten Free Options",,,Centro,100,11,2,0,1,114,916
71,Malvón Luchana,d23446200,5.0,182,$$ - $$$,True,False,50,False,False,"Argentinean, Latin, Fast Food",Vegetarian Friendly,"Breakfast, Lunch, Dinner",,Chamberi,12,0,1,0,0,13,164
72,Gustazio Gastrobar,d15683077,5.0,237,$$ - $$$,True,False,212,False,False,"Italian, Mediterranean, Healthy, Neapolitan, Campania, Tuscan, Romana, Lazio, Central-Italian, Southern-Italian","Vegan Options, Gluten Free Options",,,Legazpi,12,0,0,0,0,12,201
73,Malvón Bernabéu,d15617751,5.0,371,$$ - $$$,True,True,188,False,False,Argentinean,Vegetarian Friendly,,,Chamartin,19,2,1,0,0,22,334
74,La Burbujeria,d23547193,5.0,148,$$ - $$$,True,True,128,True,False,"Mediterranean, European, Spanish, Fusion",Vegan Options,"Lunch, Dinner, Drinks",,0.1 miles from Gay Madrid & the Chueca District,32,3,1,0,1,37,89
75,El Cocodrilo,d8714073,5.0,226,$$ - $$$,True,False,113,False,True,"Bar, Spanish",Vegetarian Friendly,"Lunch, Dinner, Drinks",,Salamanca (District),15,0,1,0,0,16,187
76,Johnny Rockets,d23067871,5.0,245,$$ - $$$,True,True,67,False,False,"American, Fast Food",Vegan Options,"Lunch, Dinner",,San Blas - Canillejas,2,0,0,0,1,3,241
77,El Tormo,d697567,5.0,206,$$ - $$$,True,False,217,True,False,Spanish,,"Lunch, Dinner","Reservations, Seating, Wheelchair Accessible, Serves Alcohol, Accepts Credit Cards, Table Service",Centro,16,3,0,0,0,19,161
78,Lola Si Mola,d20266458,5.0,691,$$ - $$$,True,True,556,True,False,"Spanish, Mediterranean, Healthy","Vegetarian Friendly, Vegan Options","Lunch, Dinner, Late Night, Drinks","Takeout, Reservations, Seating, Serves Alcohol, Full Bar, Accepts Credit Cards, Table Service, Wine and Beer",Huertas,126,15,1,4,1,147,309
79,GastroBar21,d10179385,5.0,528,$$ - $$$,True,False,471,False,False,"Mediterranean, Spanish","Vegetarian Friendly, Vegan Options, Gluten Free Options",,,,8,0,1,0,1,10,512
80,Metro Bistró - Plaza Mayor,d6498928,4.5,1882,$$ - $$$,True,True,1400,False,False,"Mediterranean, European, Spanish, Healthy, Contemporary, Fusion","Vegetarian Friendly, Gluten Free Options","Lunch, Dinner, Drinks, Late Night","Highchairs Available, Reservations, Seating, Wheelchair Accessible, Serves Alcohol, Full Bar, Wine and Beer, Accepts American Express, Accepts Mastercard, Accepts Visa, Free Wifi, Accepts Credit Cards, Table Service",Sol,424,98,16,9,5,552,778
81,Camino Sacramento,d15184967,4.5,431,$$ - $$$,True,True,256,False,False,"Steakhouse, Barbecue, European, Spanish",Gluten Free Options,"Lunch, Dinner, Late Night, Drinks",,Sol,55,10,0,1,0,66,305
82,Inclan Brutal Bar,d10358028,4.5,5578,$$ - $$$,True,True,5646,False,False,"Mediterranean, Spanish, Bar, European",Vegetarian Friendly,"Lunch, Dinner, Brunch, Late Night, Drinks","Highchairs Available, Reservations, Seating, Wheelchair Accessible, Serves Alcohol, Full Bar, Wine and Beer, Accepts Visa, Free Wifi, Accepts Credit Cards, Table Service",Huertas,1176,173,31,21,17,1418,3062
83,Txirimiri Pardinas,d10194091,4.5,345,$$ - $$$,True,True,108,False,False,Spanish,"Vegetarian Friendly, Vegan Options, Gluten Free Options",,,Salamanca (District),7,3,0,1,0,11,329
84,Borax,d4282836,4.5,446,$$ - $$$,True,False,273,True,False,"Caribbean, Latin, Cuban, Central American","Vegetarian Friendly, Vegan Options, Gluten Free Options",,,Centro,19,13,2,3,1,38,389
85,Sazon Arte,d7285433,5.0,314,$$ - $$$,True,False,189,True,False,"Mediterranean, European, Spanish, Healthy","Vegetarian Friendly, Vegan Options, Gluten Free Options","Lunch, Dinner",,Retiro,16,0,1,0,0,17,289
86,Gramabar,d6761498,4.5,1656,$$ - $$$,True,False,625,False,False,"American, International, Venezuelan, Caribbean, Latin, Bar, Central American","Vegetarian Friendly, Vegan Options, Gluten Free Options",,,Sol,361,53,15,10,6,445,1064
87,Sibuya Urban Sushi Bar X-Madrid,d19488194,4.5,338,$$ - $$$,True,True,157,False,False,"Japanese, Sushi, Asian, Healthy, Japanese Fusion",,"Lunch, Dinner, Drinks",,,0,1,0,0,0,1,336
88,La Bajada Street Food,d23999961,5.0,420,$$ - $$$,True,True,157,False,True,"Peruvian, Street Food, Seafood, Healthy",Vegetarian Friendly,"Lunch, Dinner",,1.4 miles from Plaza de Toros de Las Ventas,9,1,0,0,1,11,403
89,Casa San Juan,d25254924,5.0,209,$$ - $$$,True,False,95,False,False,Spanish,,"Lunch, Dinner, Late Night, Drinks",,0.1 miles from Plaza de Santa Ana,15,1,0,1,1,18,157
90,Taberna 4 Tapas,d23378462,5.0,144,$$ - $$$,True,True,93,False,False,"Spanish, Mediterranean",Gluten Free Options,,,Salamanca (District),16,3,0,0,0,19,96
91,Hotaru Madrid,d25092639,5.0,204,$$$$,True,False,263,False,False,"Japanese, Sushi, Asian, Healthy",,"Lunch, Dinner","Reservations, Outdoor Seating, Seating, Serves Alcohol, Accepts Credit Cards, Table Service, Accepts Visa",0.5 miles from Parque del Retiro,15,0,0,2,0,17,183
92,Txirimiri Ibiza,d7337343,4.5,1140,$$ - $$$,True,True,439,False,False,Spanish,Gluten Free Options,,,Retiro,23,5,6,2,0,36,1082
93,Grama Lounge,d12216862,5.0,4249,$$ - $$$,True,False,1872,True,True,"Latin, Bar, Venezuelan","Vegetarian Friendly, Vegan Options, Gluten Free Options","Lunch, Dinner, Brunch, Late Night, Drinks","Delivery, Takeout, Reservations, Outdoor Seating, Seating, Television, Highchairs Available, Wheelchair Accessible, Serves Alcohol, Full Bar, Free Wifi, Accepts Credit Cards, Table Service",Huertas,707,66,22,12,13,820,3148
94,Barganzo,d19620384,5.0,159,$$ - $$$,True,True,169,False,False,"Mediterranean, Healthy, Middle Eastern, Israeli, Street Food","Vegetarian Friendly, Vegan Options, Kosher, Gluten Free Options",,,Centro,47,1,0,0,1,49,80
95,Moratin Vinoteca Bistrot,d3669444,4.5,1225,$$ - $$$,True,True,484,False,False,"Mediterranean, European, Spanish, Healthy, Wine Bar, International","Vegetarian Friendly, Vegan Options, Gluten Free Options","Lunch, Dinner, Drinks, Late Night","Reservations, Seating, Wheelchair Accessible, Serves Alcohol, Wine and Beer, Accepts Credit Cards, Table Service",Huertas,272,15,7,2,3,299,782
96,Murillo Café - Restaurante,d2403630,4.0,1014,$$ - $$$,True,True,382,False,True,"Mediterranean, European, Spanish, Fusion","Vegetarian Friendly, Vegan Options, Gluten Free Options","Lunch, Dinner, Brunch, Late Night, Drinks","Reservations, Outdoor Seating, Seating, Serves Alcohol, Full Bar, Free Wifi, Accepts Credit Cards, Table Service, Wine and Beer, Accepts American Express, Accepts Mastercard, Accepts Visa, Family style",Retiro,204,93,16,7,11,331,512
97,Restaurante Nuevo Horno de Santa Teresa,d1953725,4.5,757,$$ - $$$,True,True,434,False,False,"Mediterranean, Spanish",,Lunch,"Reservations, Seating, Highchairs Available, Wheelchair Accessible, Serves Alcohol, Full Bar, Accepts Mastercard, Accepts Visa, Accepts Credit Cards, Table Service",Salesas,33,5,0,0,2,40,657
98,Santita Fuencarral,d15756205,4.5,1072,$$ - $$$,True,True,624,False,False,"Mexican, Latin, Healthy","Vegetarian Friendly, Vegan Options, Gluten Free Options",,,Centro,52,10,3,1,2,68,970
99,Tampu,d11979980,4.5,747,$$ - $$$,True,True,977,True,False,"Peruvian, Latin, Healthy","Vegetarian Friendly, Vegan Options, Gluten Free Options","Lunch, Dinner",,Salesas,46,9,3,2,1,61,650
100,Rosi La Loca,d7204621,4.5,7973,$$ - $$$,True,True,8337,False,False,"International, Spanish, Contemporary",Vegetarian Friendly,"Lunch, Dinner, Brunch, Late Night, Drinks","Reservations, Seating, Serves Alcohol, Full Bar, Free Wifi, Accepts Credit Cards, Table Service",Sol,1477,259,75,41,25,1877,3097
101,Malvón Prosperidad,d23446203,5.0,71,,True,True,47,False,False,Argentinean,,"Dinner, Lunch",Accepts Credit Cards,Chamartin,1,0,0,0,0,1,70
102,Curry Masala,d1531847,4.5,725,$$ - $$$,True,True,355,True,True,"Asian, Indian","Vegetarian Friendly, Vegan Options, Gluten Free Options",,,Universidad,147,46,13,7,11,224,462
103,Pampa Beef,d4698301,4.5,1061,$,True,True,522,False,False,"Steakhouse, Barbecue, Argentinean",Gluten Free Options,,,Huertas,216,25,3,1,6,251,588
104,Lumbini Tandoori,d15239257,5.0,176,$$ - $$$,True,False,156,True,True,"Indian, Asian, Nepali","Vegetarian Friendly, Vegan Options, Gluten Free Options",,,Cuatro Caminos,39,3,0,0,0,42,124
105,Pizzeria Fratelli,d10670751,4.5,471,$$ - $$$,True,True,150,False,False,"Italian, Pizza, International, Mediterranean, Tuscan, Sicilian, Central-Italian, Southern-Italian","Vegetarian Friendly, Vegan Options",,,Latina,4,1,0,0,0,5,461
106,La Piramide,d2002073,4.5,230,$$ - $$$,True,False,280,False,False,"Mediterranean, European, Spanish, International, Fusion, Healthy, Soups","Vegetarian Friendly, Vegan Options, Gluten Free Options",,,Tres Olivos,3,1,0,0,0,4,219
107,Sto Globo Sushi Room,d16745406,5.0,348,$$ - $$$,True,True,590,False,False,"Japanese, Sushi, Asian, Fusion",Gluten Free Options,,,Salesas,18,1,0,0,1,20,314
108,Kausa Madrid 1,d14045953,4.5,520,$$ - $$$,True,True,469,False,False,"Peruvian, Latin","Vegetarian Friendly, Vegan Options, Gluten Free Options",,,Huertas,66,5,1,2,1,75,379
109,Justo a tu Gusto,d10219927,4.5,211,$$ - $$$,True,False,147,False,False,"Brazilian, Latin, Mediterranean, Fusion, Healthy","Vegetarian Friendly, Vegan Options, Gluten Free Options",,,,9,1,0,0,0,10,190
110,La Gaditana Castellana,d15364769,5.0,1974,$$ - $$$,True,True,1063,False,True,"Mediterranean, European, Spanish, Healthy, International","Vegetarian Friendly, Vegan Options, Gluten Free Options","Lunch, Dinner, Drinks","Takeout, Reservations, Outdoor Seating, Seating, Wheelchair Accessible, Serves Alcohol, Full Bar, Free Wifi, Accepts Credit Cards, Table Service, Wine and Beer, Digital Payments, Gift Cards Available",Salamanca (District),94,16,8,7,3,128,1759
111,Cebo,d10428302,5.0,1160,$$$$,True,False,1876,False,False,"Mediterranean, Spanish, Contemporary",,"Lunch, Dinner",,Huertas,200,22,7,6,3,238,780
112,Malvón Moncloa,d11511433,5.0,567,$$ - $$$,True,True,254,False,False,Argentinean,"Vegetarian Friendly, Vegan Options",,,Chamberi,29,5,1,0,0,35,492
113,Wakea - La Moraleja,d25181664,5.0,77,$$ - $$$,True,False,41,False,True,"American, Hawaiian",,"Lunch, Dinner","Reservations, Seating, Table Service",,72,4,0,1,0,0,77
114,Cerveceria Schoppen,d7193795,4.5,462,$$ - $$$,True,False,189,False,False,"German, Bar, European",Gluten Free Options,,,,6,2,2,0,0,10,448
115,Sublime Dreams Food,d16733876,5.0,243,$$ - $$$,True,False,180,False,False,"American, Fusion",,"Drinks, Lunch, Dinner",,Cuatro Caminos,2,0,0,0,0,2,241
116,La Carbonera,d8101133,4.5,291,$$ - $$$,True,True,203,False,False,"Mediterranean, European, Spanish, Contemporary","Vegetarian Friendly, Gluten Free Options",,,Universidad,21,1,0,0,0,22,255
117,Oven Mozzarella Gran Via 6,d8735932,4.5,5371,$$ - $$$,True,True,2220,False,False,"Italian, Pizza, Mediterranean, European, Neapolitan, Campania, Southern-Italian","Vegetarian Friendly, Vegan Options","Lunch, Dinner, Late Night, Drinks",,Centro,713,157,51,28,31,980,3657
118,Indian Accent,d21200003,5.0,106,$$ - $$$,True,True,61,True,False,"Indian, Healthy","Vegetarian Friendly, Vegan Options","Lunch, Dinner",,Centro,32,2,0,1,0,35,59
119,Rigatoni,d3958441,4.5,250,$$ - $$$,True,True,127,False,False,"Italian, Mediterranean, European, Neapolitan, Campania, Tuscan, Romana, Lazio, Sicilian, Central-Italian, Southern-Italian","Vegetarian Friendly, Vegan Options, Gluten Free Options",,,,2,2,0,0,0,4,238
120,Eatmytrip Brunch & Cocktails Madrid,d20284702,4.5,204,$$ - $$$,True,True,404,False,False,"American, Cafe, International, Spanish, Fusion, Healthy","Vegan Options, Gluten Free Options",,,Centro,52,4,2,0,2,60,113
121,Mu! El Placer De La Carne,d23214762,5.0,261,$$ - $$$,True,True,121,False,False,"Steakhouse, Argentinean, Healthy",,"Lunch, Dinner",,Huertas,43,4,0,1,1,49,166
122,Enklima,d11870922,4.5,231,$$ - $$$,True,False,409,False,False,"Fusion, Mediterranean, European, Spanish",,"Lunch, Dinner","Reservations, Seating, Wheelchair Accessible, Serves Alcohol, Wine and Beer, Digital Payments, Cash Only, Accepts Credit Cards, Table Service",Arguelles,28,0,0,1,3,32,175
123,Bosque De Piamonte,d24982405,5.0,78,$$$$,True,False,90,True,True,"Italian, Pizza, Mediterranean",Vegan Options,"Lunch, Dinner, Drinks",,0.3 miles from Gay Madrid & the Chueca District,2,1,0,0,0,3,74
124,Txirimiri Ferraz,d3392741,4.5,698,$$ - $$$,True,True,381,False,False,Spanish,"Vegetarian Friendly, Vegan Options, Gluten Free Options",,,Arguelles,56,20,6,0,1,83,533
125,Vega Alamo,d17816604,4.5,240,$$ - $$$,True,True,191,False,True,"Healthy, International, Contemporary, Fusion","Vegetarian Friendly, Vegan Options, Gluten Free Options",,,Universidad,36,4,0,0,0,40,187
126,Levél Veggie Bistro,d10451094,4.5,807,$$ - $$$,True,True,801,False,False,"Mediterranean, European, Healthy, Fusion","Vegetarian Friendly, Vegan Options, Gluten Free Options",,,Retiro,114,10,2,2,0,128,641
127,Restaurante Vietnam Express,d14179281,5.0,250,$$ - $$$,True,True,199,True,True,"Asian, Vietnamese, Soups, Fusion","Vegetarian Friendly, Vegan Options, Gluten Free Options",,,Chamberi,4,0,0,0,0,4,242
128,El Social,d17636280,5.0,699,$$ - $$$,True,True,550,True,False,"Mediterranean, Healthy, International, Fusion","Vegetarian Friendly, Vegan Options, Gluten Free Options",,,Centro,113,14,6,2,3,138,417
129,Taberna de Paula,d6701548,4.5,285,$$ - $$$,True,True,67,True,False,"Mediterranean, European, Spanish","Vegetarian Friendly, Gluten Free Options","Lunch, Dinner",,Chamberi,45,9,0,0,0,54,210
130,Chulapas Cafe,d4366743,5.0,132,$,True,False,76,False,False,"Latin, Colombian","Vegetarian Friendly, Vegan Options, Gluten Free Options","Breakfast, Lunch, Dinner, Brunch, Late Night, Drinks",,Casco Historico de Vicalvaro,4,0,0,1,0,5,124
131,Origen Taberna,d6613386,4.5,1455,$$ - $$$,True,False,1064,False,False,"Mediterranean, Spanish, Fusion","Vegetarian Friendly, Vegan Options, Gluten Free Options",,,Arguelles,193,36,2,0,3,234,1000
132,sr.Ito,d10232563,4.5,977,$$ - $$$,True,True,901,False,False,"Japanese, Sushi, Asian, Healthy","Vegetarian Friendly, Vegan Options, Gluten Free Options","Lunch, Dinner, Drinks",,Centro,51,10,4,2,4,71,845
133,Raza Madrid,d23820421,4.5,190,$$$$,True,True,427,False,False,"Steakhouse, Barbecue, Mediterranean, Spanish, Healthy",,"Lunch, Dinner, Late Night, Drinks",,0.2 miles from Paseo del Prado,30,3,2,1,3,39,134
134,El Ponientazo,d23755564,4.5,258,$$ - $$$,True,True,163,True,False,"Spanish, Mediterranean",,"Lunch, Dinner, Late Night, Drinks","Reservations, Outdoor Seating, Seating, Serves Alcohol, Full Bar, Table Service, Wine and Beer",0.1 miles from Plaza Mayor,31,5,0,1,1,38,182
135,Davanti Food & Market,d14065122,4.5,413,$$ - $$$,True,True,379,True,False,"Italian, Mediterranean, European, Neapolitan, Campania, Tuscan, Romana, Lazio, Sicilian, Central-Italian, Southern-Italian","Vegetarian Friendly, Vegan Options, Gluten Free Options",,,Centro,77,7,4,2,0,90,246
136,Kuoco 360 food,d11905394,4.5,881,$$ - $$$,True,True,1271,True,False,Fusion,"Vegetarian Friendly, Vegan Options, Gluten Free Options",,,Centro,123,19,3,2,1,148,649
137,Cruda Restaurante,d21012227,4.5,533,$$ - $$$,True,True,295,False,False,"Mexican, Latin, Healthy, International, Street Food",,"Lunch, Dinner, Drinks",,Cuatro Caminos,19,1,0,0,1,21,506
138,Arpit,d11655913,4.5,593,$,True,True,778,True,True,Indian,"Vegetarian Friendly, Vegan Options, Gluten Free Options",,,Valverde,33,5,0,1,0,39,549
139,Pituca Lounge,d23524708,5.0,185,$$ - $$$,True,True,175,True,True,"Peruvian, Japanese, Healthy",,"Lunch, Dinner, Drinks","Delivery, Reservations, Seating, Highchairs Available, Serves Alcohol, Full Bar, Table Service",Arguelles,4,3,0,0,1,8,174
140,Vinitus Gran Vía Madrid,d17815480,4.5,623,$$ - $$$,True,True,760,False,False,"Mediterranean, Spanish, Healthy","Vegetarian Friendly, Vegan Options, Gluten Free Options",,,Justicia,99,16,3,2,3,123,326
141,Tacos & Tapas,d8133293,4.5,713,$$ - $$$,True,False,424,False,False,Mexican,Gluten Free Options,,,Centro,160,19,6,1,1,187,413
142,El Sitio,d7319219,4.5,261,$,True,False,124,True,True,"Italian, Pizza, Diner","Vegetarian Friendly, Vegan Options",,,Chamberi,10,2,1,0,0,13,246
143,Gandarío,d5616788,4.5,573,$,True,False,293,False,False,"Fast Food, Mediterranean, European, Spanish, Dining bars",Gluten Free Options,,,Chamberi,50,10,3,0,1,64,406
144,Restaurante Étimo by Begoña Fraire,d13138415,4.5,887,$$$$,True,False,1305,False,False,"Spanish, Mediterranean, European, Healthy","Vegetarian Friendly, Vegan Options, Gluten Free Options",,,Salamanca (District),123,18,4,1,1,147,668
145,Maximo Sushi Bar,d23623277,5.0,273,$$ - $$$,True,True,260,True,False,"Sushi, Asian, Japanese",,"Lunch, Dinner, Late Night, Drinks",,Retiro,25,1,0,0,1,27,227
146,Restaurante Morgana,d12316948,4.5,980,$$ - $$$,True,False,817,True,False,"Mediterranean, European, Spanish, Contemporary, Fusion, Healthy","Vegetarian Friendly, Vegan Options, Gluten Free Options","Lunch, Dinner, Drinks","Reservations, Seating, Wheelchair Accessible, Serves Alcohol, Full Bar, Wine and Beer, Free Wifi, Accepts Credit Cards, Table Service",Centro,150,13,1,1,2,167,651
147,Oliveto,d7125727,4.5,380,$$ - $$$,True,False,213,False,True,"Italian, Mediterranean, European, Neapolitan, Campania, Southern-Italian","Vegetarian Friendly, Vegan Options, Gluten Free Options",,,Embajadores,75,10,3,2,2,92,232
148,Adrede,d3897393,4.5,235,$$ - $$$,True,False,152,True,False,"Mediterranean, European, Spanish","Vegetarian Friendly, Vegan Options, Gluten Free Options","Lunch, Dinner","Reservations, Seating, Serves Alcohol, Accepts American Express, Accepts Mastercard, Accepts Visa, Cash Only, Free Wifi, Full Bar, Accepts Credit Cards, Table Service",Paseo del Prado,48,6,1,1,0,56,158
149,Bakan Madrid,d23758787,4.5,263,$$$$,True,True,260,False,False,"Mexican, Latin",,"Lunch, Dinner, Late Night, Drinks","Reservations, Outdoor Seating, Seating, Serves Alcohol, Full Bar, Accepts Credit Cards, Table Service, Live Music",,12,2,1,3,0,18,239
150,Restaurante Campanilla,d4062487,4.5,352,$,True,False,136,False,False,,"Vegetarian Friendly, Gluten Free Options","Breakfast, Lunch, Dinner, Brunch, Drinks",,Barajas (District),99,17,1,1,1,119,182
151,El Rincon del Cabo,d12208439,4.5,394,$$ - $$$,True,False,304,False,False,"Bar, Mediterranean, European, Spanish, Gastropub",Vegetarian Friendly,"Lunch, Dinner, Late Night, Drinks","Reservations, Seating, Wheelchair Accessible, Serves Alcohol, Full Bar, Wine and Beer, Accepts Mastercard, Accepts Visa, Accepts Credit Cards, Table Service, Free Wifi",Embajadores,57,10,2,3,0,72,226
152,Mesón Molinero,d990935,4.5,376,$$ - $$$,True,False,279,False,False,"Steakhouse, Mediterranean, European, Spanish",Gluten Free Options,"Lunch, Dinner",,Latina,6,1,2,0,1,10,344
153,Dans Le Noir ?,d12631693,4.5,464,$$$$,True,True,68,True,False,"Spanish, Contemporary, Mediterranean, European","Vegetarian Friendly, Vegan Options, Gluten Free Options",,,Austrias,19,0,0,0,1,20,383
154,Waraku,d23715075,5.0,79,$$ - $$$,True,True,128,False,False,"Japanese, Sushi, Asian","Vegan Options, Gluten Free Options",,,0.6 miles from Templo de Debod,4,0,0,0,0,4,74
155,Cedrón Wine Bar,d17766458,5.0,193,$$ - $$$,True,True,91,False,True,"Latin, Healthy, Wine Bar",Vegan Options,,,Centro,42,3,2,0,0,47,100
156,El miniBAR,d3688138,4.5,2566,$,True,True,1672,False,False,"Bar, Mediterranean, European, Spanish","Vegetarian Friendly, Vegan Options, Gluten Free Options","Breakfast, Lunch, Dinner, Late Night, Drinks","Private Dining, Television, Serves Alcohol, Full Bar, Accepts Mastercard, Accepts Visa, Free Wifi, Reservations, Seating, Wine and Beer, Accepts Credit Cards, Table Service",Austrias,638,118,33,11,16,816,951
157,Mad Mad Vegan,d16813298,4.5,131,$$ - $$$,True,True,131,False,False,Fast Food,"Vegetarian Friendly, Vegan Options, Gluten Free Options","Lunch, Dinner, Late Night",,Centro,31,6,0,0,1,38,78
158,Purnima Indian Restaurant,d7311563,4.5,1193,$$ - $$$,True,True,818,False,True,Indian,"Vegetarian Friendly, Vegan Options, Gluten Free Options",,,Salamanca (District),140,28,9,5,7,189,962
159,Yakiniku Rikyu,d13442478,4.5,267,$$ - $$$,True,True,422,True,False,"Japanese, Barbecue, Korean, Fusion","Vegetarian Friendly, Gluten Free Options",,,Chamberi,7,4,2,0,1,14,237
160,Lafayette,d16742186,4.5,205,$$ - $$$,True,True,189,False,False,"French, Mediterranean, European, Healthy","Vegetarian Friendly, Vegan Options","Lunch, Dinner",,Chamartin,3,2,0,1,0,6,199
161,Bombardino Cafe,d10355629,5.0,353,$$ - $$$,True,False,138,False,False,"Italian, Mediterranean, European, Spanish, Fusion","Vegetarian Friendly, Vegan Options, Gluten Free Options",,,Embajadores,67,6,0,1,0,74,215
162,Toga,d11955452,4.5,944,$$ - $$$,True,True,655,False,False,"Spanish, Healthy","Vegetarian Friendly, Vegan Options, Gluten Free Options",,,Embajadores,204,17,3,0,5,229,530
163,The Irish Temple (Moratalaz),d6886058,4.5,327,$$ - $$$,True,False,153,False,True,American,"Vegetarian Friendly, Vegan Options, Gluten Free Options","Lunch, Dinner, Drinks",,Marroquina,2,0,0,0,1,3,322
164,Ramon Freixa Madrid,d1810038,4.5,1102,$$$$,True,True,1788,False,False,"Mediterranean, European, Spanish","Vegetarian Friendly, Vegan Options, Gluten Free Options",,,Salamanca (District),242,40,22,9,7,320,663
165,Valdivieso Cocina Con Alma,d7355625,4.5,427,$$ - $$$,True,False,348,False,False,"Mediterranean, European, Spanish","Vegetarian Friendly, Vegan Options, Gluten Free Options","Lunch, Dinner, Drinks",,Palos de Moguer,38,2,1,0,1,42,367
166,Casa Carola,d991649,4.5,840,$$ - $$$,True,True,549,False,True,"Mediterranean, Spanish, Healthy, Soups",Gluten Free Options,,,Salamanca (District),8,9,2,3,0,22,799
167,Casa Benigna,d991647,4.5,959,$$$$,True,True,787,False,False,"Mediterranean, European, Spanish","Vegetarian Friendly, Vegan Options, Gluten Free Options","Lunch, Dinner, Late Night",,Chamartin,230,25,10,8,5,278,510
168,Restaurante Ablanedo,d13113389,4.5,211,$$ - $$$,True,False,118,True,True,"Mediterranean, Spanish","Vegetarian Friendly, Vegan Options, Gluten Free Options",,,Arguelles,6,1,0,0,0,7,195
169,Angelita Madrid,d10159455,4.5,810,$$ - $$$,True,True,922,False,False,"International, Mediterranean, European, Spanish, Fusion, Wine Bar","Vegetarian Friendly, Gluten Free Options","Lunch, Dinner, Late Night, Drinks","Reservations, Seating, Serves Alcohol, Full Bar, Wine and Beer, Accepts American Express, Accepts Mastercard, Accepts Visa, Free Wifi, Accepts Credit Cards, Table Service",Justicia,164,27,4,5,1,201,520
170,La Levantera,d15328340,4.5,569,$$ - $$$,True,True,278,True,False,"Mediterranean, Spanish","Vegetarian Friendly, Gluten Free Options",,,Salamanca (District),19,1,1,0,2,23,524
171,Noi Ristorante,d17723730,4.5,244,$$ - $$$,True,True,321,False,False,"Italian, Healthy, Neapolitan, Campania, Romana, Lazio, Sicilian","Vegetarian Friendly, Vegan Options",,,Salamanca (District),26,2,1,0,0,29,204
172,Casa Lucas,d1822624,4.5,1381,$$ - $$$,True,True,435,False,False,"Mediterranean, European, Spanish, Wine Bar","Vegetarian Friendly, Gluten Free Options","Lunch, Dinner, Late Night",,Centro,389,101,24,6,2,522,424
173,De Cháchara,d12036053,4.5,370,$$ - $$$,True,False,299,False,True,"Mediterranean, Spanish","Vegetarian Friendly, Vegan Options, Gluten Free Options",,,,4,0,0,0,0,4,362
174,GastroVía 61,d7622713,4.5,2044,$$ - $$$,True,True,1879,True,False,"Mediterranean, European, Spanish, Healthy","Vegetarian Friendly, Gluten Free Options","Lunch, Dinner, Brunch","Reservations, Seating, Parking Available, Highchairs Available, Wheelchair Accessible, Serves Alcohol, Full Bar, Accepts Mastercard, Accepts Visa, Free Wifi, Accepts Credit Cards, Table Service",Centro,205,25,11,6,9,256,1481
175,Brunch Club Cafe,d12209860,4.5,428,$,True,True,364,False,False,"British, Cafe, International, European, Healthy","Vegetarian Friendly, Vegan Options, Gluten Free Options","Lunch, Breakfast, Brunch, Drinks","Takeout, Reservations, Seating, Wheelchair Accessible, Serves Alcohol, Full Bar, Accepts Mastercard, Accepts Visa, Digital Payments, Free Wifi, Accepts Credit Cards, Table Service, Gift Cards Available",Universidad,113,27,5,3,3,151,173
176,Restaurante La Malontina,d1222048,4.5,2196,$$ - $$$,True,True,947,False,False,"International, Mediterranean, Spanish, Healthy, Fusion",Gluten Free Options,"Lunch, Dinner, Late Night",,Huertas,384,84,26,5,5,504,1362
177,Triana,d3134591,4.0,652,$$ - $$$,True,True,226,False,False,"Mediterranean, Spanish","Vegetarian Friendly, Vegan Options, Gluten Free Options",,,Retiro,24,15,2,1,1,43,591
178,Restaurante DCorazon,d14117482,4.5,3012,$$ - $$$,True,True,1279,False,False,"Mediterranean, European, Spanish, International, Fusion","Vegetarian Friendly, Vegan Options, Gluten Free Options","Breakfast, Lunch, Dinner, Brunch, Late Night, Drinks","Takeout, Reservations, Outdoor Seating, Private Dining, Seating, Highchairs Available, Wheelchair Accessible, Serves Alcohol, Full Bar, Free Wifi, Accepts Credit Cards, Table Service",Sol,727,65,22,18,17,849,1588
179,La Cabrera Madrid,d25374513,5.0,119,,False,False,66,False,False,"Steakhouse, Argentinean",,"Lunch, Dinner, Late Night, Drinks","Reservations, Table Service, Seating",0.3 miles from Plaza Colon,4,0,0,0,2,6,108
180,Quispe Madrid,d13427168,4.5,342,$$ - $$$,True,True,587,False,False,"Peruvian, Fusion, Latin","Vegetarian Friendly, Vegan Options, Gluten Free Options",,,Salesas,25,3,2,1,2,33,286
181,Salmon Guru,d10731641,4.5,604,$$ - $$$,True,True,688,False,False,Bar,,"Late Night, Drinks","Reservations, Seating, Wheelchair Accessible, Serves Alcohol, Full Bar, Free Wifi, Accepts Credit Cards, Table Service",Huertas,176,21,5,2,3,207,313
182,Kaiten Sushi Madrid,d23795463,4.5,277,$$ - $$$,False,True,228,False,False,"Japanese, Sushi, Asian",Vegetarian Friendly,"Lunch, Dinner",,0.0 miles from Gran Via,6,0,0,0,1,7,264
183,MANDA CARALLO,d7087676,4.5,422,$$ - $$$,True,False,153,False,False,"Spanish, Healthy",Gluten Free Options,,,,3,0,0,0,0,3,403
184,RECREO Espartinas,d10678592,4.5,366,$$ - $$$,True,True,426,False,False,"Mediterranean, European, Spanish","Vegetarian Friendly, Vegan Options, Gluten Free Options","Lunch, Dinner",,Salamanca (District),20,4,0,0,0,24,325
185,Okashi Sanda,d3863661,4.5,452,$$ - $$$,True,True,446,False,False,"Japanese, Asian","Vegetarian Friendly, Vegan Options, Gluten Free Options",,,Universidad,21,3,1,0,1,26,414
186,Brew Wild Pizza Bar,d12493147,4.5,382,$$ - $$$,True,False,515,False,True,"Italian, Brew Pub, Bar, Pizza","Vegetarian Friendly, Vegan Options",,,Huertas,123,20,1,2,4,150,198
187,Asador Nuevo Porche,d2252177,4.5,332,$$ - $$$,True,False,218,True,False,"Steakhouse, Mediterranean, European, Spanish",Gluten Free Options,,,Barajas (District),27,11,3,1,0,42,263
188,Mawey Taco Bar - Gran Vía,d15873362,4.5,361,$$ - $$$,True,True,518,False,False,"Mexican, Fusion",Gluten Free Options,,,Centro,29,3,3,0,1,36,300
189,Taberna Maldeamores,d7258827,4.5,293,$$ - $$$,True,False,288,False,False,"Mediterranean, European, Spanish, Fusion","Vegetarian Friendly, Vegan Options, Gluten Free Options","Lunch, Dinner, Drinks",,Centro,15,1,0,0,0,16,246
190,Everest Tandoori Nepali-Indian Restaurant,d9832154,4.5,978,$$ - $$$,True,False,487,False,False,"Indian, Asian, Tibetan, Nepali","Vegetarian Friendly, Vegan Options, Gluten Free Options","Lunch, Dinner",,Canillas,113,20,2,2,0,137,808
191,Pizza Natura,d23547260,5.0,348,$$ - $$$,True,True,237,True,True,"Italian, Pizza, Healthy",Vegetarian Friendly,"Lunch, Dinner",,,42,1,0,0,0,43,292
192,Meson Restaurante La Mi Venta,d1511527,4.5,3007,$$ - $$$,True,True,2128,False,False,"Mediterranean, European, Spanish","Vegetarian Friendly, Gluten Free Options","Lunch, Dinner, Brunch","Seating, Highchairs Available, Serves Alcohol, Full Bar, Accepts American Express, Accepts Mastercard, Accepts Visa, Free Wifi, Private Dining, Accepts Credit Cards, Table Service",Austrias,873,169,47,13,10,1112,734
193,Coque,d12864731,4.5,477,$$$$,True,True,1306,False,False,"Spanish, Mediterranean, European, Healthy, International",Gluten Free Options,,,Chamberi,49,8,3,2,4,66,378
194,Da Luca,d7787661,4.5,452,$$ - $$$,True,False,141,True,True,"Italian, Pizza, Mediterranean, European, Romana, Lazio, Sicilian, Central-Italian, Southern-Italian","Vegan Options, Gluten Free Options, Vegetarian Friendly","Breakfast, Lunch, Dinner",,,28,7,3,1,0,39,383
195,The Irish Temple,d23685570,5.0,108,$$ - $$$,True,True,49,False,True,American,Vegan Options,"Lunch, Dinner, Brunch, Drinks",,0.7 miles from Parque del Retiro,1,0,0,0,1,2,106
196,Holi House,d20517214,5.0,79,$$ - $$$,True,False,41,True,False,Indian,"Vegan Options, Vegetarian Friendly",,,Ciudad Universitaria,15,0,0,0,0,15,62
197,Restaurante El Flaco,d10083272,4.5,468,$$ - $$$,True,False,572,True,False,"International, Asian, Thai, Fusion","Vegetarian Friendly, Vegan Options, Gluten Free Options",,,Chamartin,20,4,0,1,0,25,432
198,Campesino Burger Al Carbón,d10161466,4.5,240,$,True,False,211,False,False,"International, Fusion, American","Vegetarian Friendly, Vegan Options",,,Embajadores,32,9,4,0,0,45,165
199,Restaurante Sagar,d3537317,4.5,705,$$ - $$$,True,False,369,True,True,Indian,"Vegetarian Friendly, Vegan Options, Gluten Free Options",,,Salamanca (District),70,33,5,3,2,113,581
200,El Sueno de Carmen,d23990622,5.0,147,$$ - $$$,True,True,133,False,False,"Mediterranean, Spanish",,"Breakfast, Lunch, Dinner, Brunch",,0.6 miles from Puerta de Toledo,7,0,0,0,0,7,136
201,Divino Tinto,d8727668,4.5,278,$$ - $$$,True,False,216,False,False,"Mediterranean, European, Spanish, Healthy","Vegetarian Friendly, Vegan Options, Gluten Free Options","Lunch, Dinner",,Legazpi,12,0,0,0,0,12,260
202,Cerveceria La Mayor,d1811145,4.5,439,$$ - $$$,True,False,455,False,False,"Bar, European, Spanish, Pub",Vegetarian Friendly,"Lunch, Dinner, Late Night, Drinks",,La Latina,87,27,7,1,2,124,121
203,Indian Aroma,d1015592,4.5,848,$$ - $$$,True,True,362,True,False,"Indian, Asian, Balti","Vegetarian Friendly, Vegan Options, Gluten Free Options","Lunch, Dinner, Late Night, Drinks","Takeout, Reservations, Seating, Wheelchair Accessible, Serves Alcohol, Accepts Credit Cards, Table Service",Huertas,277,101,33,9,5,425,333
204,Restaurante Gala,d2660048,4.5,305,$$ - $$$,True,False,209,True,False,"Mediterranean, European, Spanish, International, Contemporary","Vegetarian Friendly, Vegan Options, Gluten Free Options","Lunch, Dinner, Late Night, Drinks",,Chamberi,7,5,0,0,0,12,280
205,Restaurante Rias Bajas,d2185881,4.5,714,$$ - $$$,True,False,352,True,True,"Spanish, Grill",Gluten Free Options,,,Chamartin,19,12,1,1,0,33,629
206,Alright,d7239164,4.5,1701,$$ - $$$,True,False,765,False,False,American,"Vegetarian Friendly, Gluten Free Options","Lunch, Dinner",,La Paz,78,10,2,1,1,92,1575
207,DiverXO,d7179537,4.5,2161,$$$$,True,True,4741,False,False,"European, Spanish, Fusion",Gluten Free Options,"Lunch, Dinner","Reservations, Seating, Wheelchair Accessible, Serves Alcohol, Accepts Credit Cards, Table Service, Street Parking, Wine and Beer, Accepts American Express, Accepts Mastercard, Accepts Visa",Chamartin,154,20,11,4,10,199,1863
208,Tacoctelería,d21505471,5.0,118,$$ - $$$,True,True,108,True,True,"Mexican, Latin, Healthy, Central American, Dining bars",,"Lunch, Dinner, Brunch, Late Night, Drinks",,Universidad,19,3,1,0,0,23,84
209,Burnout,d11953286,4.5,1244,$$ - $$$,True,True,740,True,True,"American, International",Gluten Free Options,,,Universidad,132,14,3,1,0,150,914
210,Mano De Santa,d23391409,4.5,181,$$$$,True,True,328,True,False,"International, Spanish, Mediterranean, European, Healthy, Grill",,"Lunch, Dinner, Drinks",,Salamanca (District),17,3,0,0,0,20,144
211,Alcaravea Gaztambide,d3544145,4.5,605,$$ - $$$,True,False,238,False,False,"Mediterranean, European, Spanish","Vegetarian Friendly, Vegan Options, Gluten Free Options",,,Chamberi,43,9,1,0,0,53,531
212,Proverbium,d4271106,4.5,302,$$ - $$$,True,False,119,False,False,"Italian, Mediterranean, Neapolitan, Campania, Tuscan, Sicilian, Central-Italian, Southern-Italian, European","Vegetarian Friendly, Vegan Options, Gluten Free Options","Lunch, Dinner",,,4,0,0,0,0,4,294
213,Decadente,d13233802,4.5,526,$$ - $$$,True,True,412,False,False,"International, Mediterranean, European, Spanish","Vegetarian Friendly, Vegan Options, Gluten Free Options",,,Huertas,53,8,3,5,1,70,401
214,Gato Gato,d13239361,4.5,136,$$ - $$$,True,False,138,True,False,"Spanish, Mediterranean, European, Healthy, Contemporary","Vegetarian Friendly, Vegan Options, Gluten Free Options",,,Embajadores,40,5,0,0,0,45,55
215,Pajaritos Mojados,d7284434,4.5,333,$,True,False,137,False,False,"Bar, Gastropub, Street Food","Vegetarian Friendly, Vegan Options, Gluten Free Options",,,Centro,41,10,1,1,0,53,232
216,Roost Chicken - Atocha,d25381112,5.0,63,$$ - $$$,True,False,38,False,False,"American, Fast Food",,"Lunch, Dinner, Drinks",,0.3 miles from Prado National Museum,23,0,0,1,0,24,38
217,Vinos de Bellota,d3530204,4.5,884,$$ - $$$,True,False,576,False,False,"Contemporary, Mediterranean, European, Spanish, Fusion","Vegetarian Friendly, Vegan Options, Gluten Free Options",,,Retiro,117,35,3,1,1,157,609
218,Tinto y Tapas,d12500357,4.5,1630,$,True,True,917,False,False,"Mediterranean, European, Spanish","Vegetarian Friendly, Vegan Options","Lunch, Dinner",,Huertas,405,119,32,6,4,566,434
219,The Spanish Farm,d10077266,4.5,507,$$ - $$$,True,True,328,False,False,Spanish,"Vegetarian Friendly, Vegan Options, Gluten Free Options",Drinks,"Accepts Credit Cards, Dog Friendly",Paseo del Prado,206,34,7,0,3,250,113
220,La Cabaña Argentina,d796535,4.5,2459,$$ - $$$,True,True,1353,False,False,"Barbecue, South American, Steakhouse, Argentinean",Gluten Free Options,"Lunch, Dinner","Seating, Validated Parking, Highchairs Available, Serves Alcohol, Full Bar, Wine and Beer, Accepts American Express, Accepts Mastercard, Accepts Visa, Free Wifi, Accepts Credit Cards, Table Service",Huertas,570,171,38,14,10,803,890
221,Los Porfiados,d5430372,4.5,503,$$ - $$$,True,False,216,False,False,"Mediterranean, European, Spanish, Healthy, Argentinean","Vegetarian Friendly, Vegan Options, Gluten Free Options","Lunch, Dinner, Brunch, Late Night",,Embajadores,53,11,1,2,1,68,400
222,La Musa Malasaña,d1089337,4.5,1231,$$ - $$$,True,True,747,False,False,"Mediterranean, European, Spanish","Vegetarian Friendly, Vegan Options, Gluten Free Options",,,Universidad,220,83,10,1,4,318,628
223,La Hummuseria,d8672759,4.5,638,$$ - $$$,True,False,482,False,False,"Mediterranean, Healthy, Middle Eastern, Israeli","Vegetarian Friendly, Vegan Options, Gluten Free Options",,,Centro,149,29,3,0,0,181,357
224,Havana Blues,d7622104,4.5,333,$,True,False,199,False,False,"Caribbean, Latin, Cuban, Central American","Vegetarian Friendly, Gluten Free Options","Lunch, Dinner",,Palos de Moguer,20,5,0,0,0,25,297
225,La Berenjena,d4795130,4.5,911,$$ - $$$,True,False,546,False,False,"Mediterranean, European, Spanish","Vegetarian Friendly, Vegan Options, Gluten Free Options","Lunch, Dinner, Late Night",,Embajadores,89,22,2,2,1,116,719
226,Ástor Puerta Cerrada,d24950849,5.0,73,$$ - $$$,True,False,94,False,False,"Latin, European, Healthy, International, Mediterranean, Spanish, Fusion",,"Lunch, Dinner",,0.1 miles from Plaza Mayor,9,0,0,0,0,9,53
227,Restaurante Jumbo,d13998641,5.0,88,$,True,True,41,False,True,"Spanish, Peruvian",Vegetarian Friendly,"Breakfast, Lunch, Dinner",,Barajas (District),1,1,0,0,0,2,84
228,Corral de la Moreria,d991547,4.5,1161,$$$$,True,True,573,False,False,"Mediterranean, Spanish","Vegetarian Friendly, Vegan Options, Gluten Free Options",,,Centro,261,89,31,29,19,429,448
229,Taberna la Concha,d3470895,4.5,1350,$$ - $$$,True,True,862,False,False,"Mediterranean, Spanish","Vegetarian Friendly, Vegan Options, Gluten Free Options","Lunch, Dinner, Late Night, Drinks",,Centro,393,95,21,2,9,520,426
230,Madam,d23937491,5.0,105,$$ - $$$,True,True,60,True,False,"Mediterranean, Spanish, Healthy",Vegan Options,"Lunch, Dinner, Brunch, Drinks",,,4,0,0,0,0,4,97
231,MAWEY Taco Bar - Olid,d13206017,4.5,307,$$ - $$$,True,False,577,False,False,"Mexican, Latin","Vegetarian Friendly, Gluten Free Options",,,Chamberi,8,1,1,0,0,10,296
232,El Camoati,d1954256,4.5,605,$$ - $$$,True,False,284,False,False,"Mediterranean, Argentinean","Vegetarian Friendly, Gluten Free Options",,,Centro,62,9,2,1,2,76,476
233,Taberna & Media,d10067383,4.5,357,$$ - $$$,True,True,470,False,False,"Mediterranean, Spanish","Vegetarian Friendly, Vegan Options, Gluten Free Options",,,Retiro,7,1,2,0,0,10,330
234,Nacho Bravo,d15273626,4.5,157,$,True,False,168,False,False,"Mexican, Latin, Fusion",Vegan Options,,,Arganzuela,15,0,0,0,0,15,138
235,La Sifonería,d8808803,4.5,474,$$ - $$$,True,False,322,False,False,"Mediterranean, European, Spanish, Fusion","Vegetarian Friendly, Vegan Options, Gluten Free Options",,,Arguelles,48,9,1,1,4,63,359
236,Dolores y Lola,d9593554,4.5,269,$$ - $$$,True,False,166,False,False,"Mediterranean, European, Spanish, Healthy","Vegetarian Friendly, Vegan Options, Gluten Free Options",,,Universidad,14,7,0,0,0,21,216
237,Araldo Arte del Gusto- Madrazo,d14084856,4.5,212,$$ - $$$,True,True,199,False,False,"Italian, Pizza, Mediterranean, European, Healthy","Vegetarian Friendly, Vegan Options, Gluten Free Options",,,Paseo del Prado,14,3,0,1,0,18,156
238,Latasia,d10297246,4.5,483,$$ - $$$,True,False,601,False,False,"Spanish, Contemporary, Fusion, Peruvian, Latin, Asian","Vegetarian Friendly, Gluten Free Options",,,Castillejos,26,6,0,0,0,32,438
239,Casa Macareno,d10207125,4.5,426,$$ - $$$,True,True,262,False,False,"Mediterranean, Spanish, Dining bars","Vegetarian Friendly, Gluten Free Options",,,Universidad,39,12,0,1,1,53,317
240,Restaurante de Sichuan,d9721997,4.5,319,$$ - $$$,True,False,372,False,False,"Chinese, Asian","Vegetarian Friendly, Vegan Options, Gluten Free Options",,,Sol,52,25,2,1,1,81,184
241,Bahía Taberna,d803211,4.5,1479,$$ - $$$,True,True,968,False,True,"Mediterranean, European, Spanish, Healthy, International","Vegetarian Friendly, Vegan Options, Gluten Free Options",,,Campo de las Naciones - Feria de Madrid,137,12,5,3,0,157,1199
242,Lamiak,d5517417,4.5,313,$,True,True,194,False,False,"Bar, Mediterranean, Spanish, Dining bars","Vegetarian Friendly, Vegan Options, Gluten Free Options","Late Night, Lunch, Dinner, Brunch, Drinks",,Centro,61,15,3,0,1,80,146
243,Empanadas Malvón,d23446299,5.0,69,$$ - $$$,True,True,20,False,False,Argentinean,Vegetarian Friendly,"Lunch, Dinner",,,1,0,0,0,0,1,68
244,Taman,d17431228,5.0,195,$$ - $$$,True,False,152,False,False,"Mexican, Latin","Vegetarian Friendly, Vegan Options, Gluten Free Options",,,Centro,4,0,0,1,0,5,188
245,Derzu Bar,d9744429,4.5,358,$$ - $$$,True,True,321,False,True,"Asian, Fusion",Vegetarian Friendly,,,Campo de las Naciones - Feria de Madrid,11,3,1,0,0,15,340
246,La Encomienda,d10501304,4.5,579,$$ - $$$,True,False,455,False,True,"Contemporary, Mediterranean, Healthy","Vegetarian Friendly, Vegan Options, Gluten Free Options",,,Embajadores,79,10,9,4,0,102,448
247,Santceloni,d717403,4.5,611,$$$$,True,False,872,False,False,"Mediterranean, European, Spanish","Vegetarian Friendly, Vegan Options, Gluten Free Options",,,Chamberi,110,24,12,2,3,151,360
248,El Trébol 1983 Pizzas y Empanadas,d1014172,4.5,490,$$ - $$$,True,True,237,False,False,"Fast Food, Pizza, Argentinean","Vegetarian Friendly, Vegan Options",,,Huertas,42,16,1,5,4,68,382
249,Miyama,d1024837,4.5,844,$$$$,True,False,577,True,False,"Japanese, Healthy","Vegetarian Friendly, Vegan Options, Gluten Free Options","Lunch, Dinner, Late Night, Drinks",,Centro,53,34,3,3,0,93,690
250,Cilindro,d13477528,4.5,376,$$ - $$$,True,True,535,False,False,"Peruvian, Latin","Vegetarian Friendly, Gluten Free Options","Lunch, Dinner, Drinks",,Salamanca (District),9,5,2,0,0,16,352
251,Miyama,d3686487,4.5,838,$$$$,True,False,782,False,False,"Japanese, Sushi, Asian, Healthy","Vegetarian Friendly, Vegan Options, Gluten Free Options","Lunch, Dinner, Late Night",,Chamberi,46,25,4,1,1,77,713
252,La Taberna de Mister Pinkleton,d3847118,4.5,886,$$ - $$$,True,False,873,False,False,"Bar, Mediterranean, European, Spanish",Vegetarian Friendly,,,Centro,278,71,13,5,5,372,223
253,Piccola Napoli,d3803450,4.5,501,$,True,False,249,False,False,"Italian, Pizza, Mediterranean, European, Neapolitan, Campania, Sicilian, Southern-Italian","Vegetarian Friendly, Vegan Options, Gluten Free Options","Lunch, Dinner",,Cuatro Caminos,31,11,2,2,1,47,381
254,El mirador del Goloso,d2371166,4.5,438,$$ - $$$,True,False,240,False,False,"Mediterranean, European, Spanish","Vegetarian Friendly, Vegan Options, Gluten Free Options","Lunch, Dinner, Late Night",,El Goloso,6,4,1,0,0,11,419
255,El Club Allard by Martín Berasategui,d1019405,4.5,1842,$$$$,True,False,1968,True,False,"Mediterranean, European, Spanish, International, Contemporary, Fusion","Vegetarian Friendly, Vegan Options, Gluten Free Options",,,Arguelles,405,64,18,6,11,504,1092
256,Gaytán,d11434547,4.5,284,$$$$,False,False,573,False,False,"Mediterranean, European, Spanish",Gluten Free Options,"Lunch, Dinner",,Chamartin,42,5,1,0,2,50,190
257,Bambubox Madrid,d7995685,4.5,781,$$ - $$$,True,False,429,False,False,"Thai, Healthy","Vegan Options, Gluten Free Options",,,Justicia,131,46,15,9,5,206,461
258,Dantxari,d751616,4.5,750,$$ - $$$,True,True,334,False,False,"Mediterranean, European, Spanish","Vegetarian Friendly, Vegan Options, Gluten Free Options","Lunch, Dinner, Late Night",,Arguelles,119,43,13,1,1,177,455
259,Pizzeria Vesuvio -Hortaleza,d1625680,4.5,796,$,True,True,357,False,False,"Italian, Pizza, Fast Food, Mediterranean, European","Vegetarian Friendly, Vegan Options","Lunch, Dinner, Late Night",,Justicia,107,44,7,1,1,160,509
260,Restaurante Sal Negra,d8784811,4.5,600,$$ - $$$,True,False,453,False,False,"Mediterranean, European, Spanish","Vegetarian Friendly, Vegan Options, Gluten Free Options",,,Chamartin,21,11,1,0,0,33,547
261,Il Pizzaiolo,d1066464,4.5,931,$$ - $$$,True,True,348,False,True,"Italian, Pizza, Mediterranean, European, Neapolitan, Campania, Sicilian, Southern-Italian","Vegetarian Friendly, Vegan Options, Gluten Free Options",,,Centro,127,52,13,3,3,198,498
262,Amicis,d12880799,4.5,950,$$ - $$$,True,True,642,True,False,Spanish,"Vegetarian Friendly, Vegan Options, Gluten Free Options","Lunch, Dinner, Late Night, Drinks","Reservations, Outdoor Seating, Seating, Highchairs Available, Wheelchair Accessible, Serves Alcohol, Full Bar, Free Wifi, Accepts Credit Cards, Table Service, Gift Cards Available",Centro,344,46,18,5,6,419,277
263,Fogg Bar,d3536117,4.5,266,$$ - $$$,True,False,173,False,False,"Spanish, Brew Pub, Bar",,"Lunch, Dinner, Drinks",,Pacifico,36,2,0,0,1,39,212
264,Bocadillos Oink,d8007972,4.5,183,$,True,False,144,False,True,"Fast Food, European, Spanish",,"Breakfast, Lunch","Takeout, Accepts Credit Cards, Digital Payments",Centro,39,8,0,0,0,47,78
265,De Maria - Calle Hortaleza,d2368093,4.5,393,$$ - $$$,True,False,199,False,False,"Steakhouse, Latin, Barbecue, European, Argentinean","Vegetarian Friendly, Gluten Free Options",,,Centro,49,19,3,0,0,71,226
266,Naomi,d780909,4.5,763,$$ - $$$,False,False,434,False,False,"Japanese, Sushi, Asian, Healthy","Vegetarian Friendly, Vegan Options, Gluten Free Options",,,Cuatro Caminos,17,6,1,0,1,25,729
267,Marisquería Salamar,d990765,4.5,261,$$ - $$$,True,True,112,False,False,"Seafood, Mediterranean, European, Spanish","Vegetarian Friendly, Vegan Options, Gluten Free Options","Lunch, Dinner, Late Night",,Chamartin,15,11,0,0,1,27,221
268,La Rodaja,d7067710,4.5,292,$,True,False,186,True,False,Mexican,"Vegetarian Friendly, Vegan Options, Gluten Free Options",,,Salamanca (District),6,1,1,1,1,10,267
269,La Manduca de Azagra,d953861,4.5,654,$$$$,False,False,178,False,False,"Mediterranean, European, Spanish, Healthy","Vegetarian Friendly, Vegan Options, Gluten Free Options",,,Centro,75,22,0,0,1,98,524
270,Restaurante Olmo,d23528476,5.0,87,$$$$,True,True,98,False,False,"Spanish, Healthy",,"Lunch, Dinner","Reservations, Seating, Serves Alcohol, Accepts Credit Cards, Table Service",Arguelles,13,1,0,1,0,15,69
271,Gastrotaberna cachito's,d6650706,4.5,519,$$ - $$$,True,False,236,False,False,"Mediterranean, European, Spanish, Contemporary","Vegetarian Friendly, Vegan Options, Gluten Free Options","Lunch, Dinner, Late Night",,,3,3,0,0,0,6,508
272,MU! El Placer de la Carne II,d13510945,4.5,820,$$ - $$$,True,True,333,False,False,"Steakhouse, Barbecue, Healthy, Argentinean",Gluten Free Options,,,Sol,122,17,2,2,3,146,468
273,El Lando,d794166,4.5,508,$$$$,False,False,203,False,False,"European, Spanish","Vegetarian Friendly, Gluten Free Options",,,Centro,111,23,4,1,2,141,325
274,Bacira,d6865459,4.5,1151,$$ - $$$,True,False,1264,False,False,"Japanese, Mediterranean, European, Asian, Fusion","Vegetarian Friendly, Vegan Options, Gluten Free Options",,,Chamberi,50,10,3,2,0,65,1059
275,Restaurante PAIPAI,d11912950,4.5,794,$$ - $$$,True,False,717,False,False,Fusion,"Vegetarian Friendly, Vegan Options, Gluten Free Options",,,Chamartin,36,2,1,0,0,39,747
276,Vega,d7384845,4.5,899,$$ - $$$,True,True,646,False,False,"Healthy, Fusion","Vegetarian Friendly, Vegan Options, Gluten Free Options",,,Universidad,189,52,12,4,13,270,535
277,Restaurante Excalibur Madrid,d23520831,4.5,170,$$ - $$$,True,False,260,True,False,"Steakhouse, Grill, Eastern European, European, Healthy",,"Lunch, Dinner, Drinks",,Arguelles,33,0,0,1,2,36,99
278,DokiDoki,d7125336,4.5,908,$$ - $$$,True,False,737,False,False,"Japanese, Sushi, Asian","Vegetarian Friendly, Vegan Options, Gluten Free Options",,,Salamanca (District),100,21,3,2,1,127,695
279,Chuka Ramen Bar,d7284789,4.5,578,$$ - $$$,True,False,622,False,False,Japanese,Vegetarian Friendly,,,Huertas,42,22,6,2,1,73,481
280,Restaurante Alabaster,d6161596,4.5,1055,$$$$,True,True,936,False,False,"Mediterranean, European, Spanish","Vegetarian Friendly, Vegan Options, Gluten Free Options",,,Paseo del Prado,87,27,5,3,2,124,860
281,Art & Sushi,d12210231,4.5,292,$$ - $$$,True,True,462,True,False,"Sushi, Asian, International, Hawaiian, Japanese Fusion","Vegetarian Friendly, Vegan Options, Gluten Free Options",,,Universidad,14,4,2,1,1,22,255
282,Bayres Beef Argentina en tapas,d3674049,4.5,817,$$ - $$$,True,False,241,False,False,"Steakhouse, Barbecue, Argentinean",Gluten Free Options,,,Chamartin,223,52,16,7,4,302,265
283,Los Chuchis Bar,d3736683,4.5,340,$,True,False,142,False,False,"Mediterranean, European, British","Vegetarian Friendly, Vegan Options, Gluten Free Options",,,Embajadores,55,16,0,0,0,71,252
284,99 Sushi Bar - Padre Damian,d7161391,4.5,528,$$$$,True,False,621,False,False,"Japanese, Sushi, Asian","Vegetarian Friendly, Vegan Options, Gluten Free Options","Lunch, Dinner, Late Night",,Chamartin,22,6,2,0,1,31,484
285,Ogrelo,d990888,4.5,643,$$$$,True,True,1034,False,False,"Seafood, Mediterranean, Spanish","Vegetarian Friendly, Gluten Free Options","Lunch, Dinner, Late Night, Drinks",,Retiro,52,9,4,1,1,67,544
286,El Viejo Fogon,d2638637,4.5,430,$$ - $$$,True,False,352,False,False,"Mediterranean, Spanish, European, Contemporary","Vegetarian Friendly, Vegan Options","Lunch, Dinner",,,1,2,0,0,0,3,423
287,emma cocina,d5946751,4.5,656,$$ - $$$,True,False,312,False,False,"Mediterranean, Spanish, European, Fusion","Vegetarian Friendly, Vegan Options, Gluten Free Options",,,Centro,117,39,12,4,4,176,312
288,Casa Jaguar Madrid,d10382291,4.5,699,$$ - $$$,True,False,468,False,False,"Mexican, Brazilian, Peruvian, Latin, Fusion, Colombian, Healthy","Vegetarian Friendly, Vegan Options, Gluten Free Options",,,Austrias,140,20,5,3,1,169,387
289,izakaya Han,d5982128,4.5,469,$$ - $$$,True,False,445,True,False,"Japanese, Sushi, Asian, Korean, Healthy","Vegetarian Friendly, Vegan Options, Gluten Free Options",,,Centro,63,25,4,4,0,96,317
290,Vinoteca Garcia de la Navarra,d2490781,4.5,550,$$ - $$$,True,False,203,False,False,"Mediterranean, European, Spanish","Vegetarian Friendly, Vegan Options, Gluten Free Options","Lunch, Dinner",,Paseo del Prado,87,27,7,1,4,126,378
291,Namaste Nepal,d14790837,4.5,296,$,True,False,178,False,False,"Indian, Asian, Nepali","Vegetarian Friendly, Vegan Options, Gluten Free Options",,,,18,1,1,1,0,21,270
292,Restaurante Gaudium Chamberí,d1590227,4.5,176,$$ - $$$,True,False,93,False,False,"Contemporary, Fusion, Mediterranean, Spanish, European","Vegetarian Friendly, Vegan Options, Gluten Free Options",,,Chamberi,7,2,0,1,0,10,162
293,Radhuni Indian,d12400533,4.5,464,$$ - $$$,True,False,257,True,True,"Indian, Asian","Vegetarian Friendly, Vegan Options, Gluten Free Options","Lunch, Dinner",,Valdefuentes,32,6,0,0,3,41,418
294,B13,d3836807,4.5,331,$,False,False,169,False,False,"Fast Food, Spanish","Vegetarian Friendly, Vegan Options, Gluten Free Options","Lunch, Dinner, Late Night",,Universidad,48,10,2,1,0,61,249
295,99 Sushi Bar,d2446455,4.5,581,$$$$,True,False,574,False,False,"Japanese, Sushi, Asian","Vegetarian Friendly, Gluten Free Options","Lunch, Dinner, Late Night",,Salamanca (District),39,12,1,4,3,59,494
296,Poké Friendly,d21493527,5.0,53,$$ - $$$,True,False,49,False,False,"Healthy, Hawaiian, Japanese, Fast Food, International, Asian","Vegetarian Friendly, Vegan Options, Gluten Free Options",,,Chamberi,7,0,0,0,0,7,45
297,Le Comptoir de la Crepe,d6701232,4.5,649,$$ - $$$,True,False,300,False,False,"French, European","Vegetarian Friendly, Vegan Options, Gluten Free Options",,,Huertas,92,35,3,1,2,133,386
298,Taberna del Chato,d3476797,4.5,1751,$$ - $$$,True,False,804,False,False,"Mediterranean, European, Spanish","Vegetarian Friendly, Vegan Options, Gluten Free Options",,,Sol,372,120,32,3,3,530,546
299,La Taberna del Colono,d7814037,4.5,374,$$ - $$$,True,True,251,True,False,"Mediterranean, European, Spanish","Vegetarian Friendly, Vegan Options, Gluten Free Options","Dinner, Lunch",,Universidad,18,8,3,1,2,32,288
300,El Pimiento Verde - La Taberna,d5988245,4.5,518,$$ - $$$,True,True,304,False,False,"Mediterranean, European, Spanish","Vegetarian Friendly, Vegan Options, Gluten Free Options","Lunch, Dinner, Late Night",,Centro,63,22,4,0,4,93,307
301,El Cogollo de la Descarga,d6787622,4.5,685,$$ - $$$,True,False,389,False,False,"Mediterranean, Spanish, Healthy",Gluten Free Options,"Lunch, Dinner, Late Night",,Sol,31,10,1,1,1,44,569
302,Restaurante Marina Ventura,d988061,4.5,1599,$$ - $$$,True,True,1068,False,False,"Seafood, Mediterranean, Spanish, Healthy","Vegetarian Friendly, Vegan Options, Gluten Free Options","Lunch, Dinner, Late Night","Takeout, Highchairs Available, Reservations, Seating, Wheelchair Accessible, Serves Alcohol, Full Bar, Accepts American Express, Accepts Mastercard, Accepts Visa, Free Wifi, Accepts Credit Cards, Table Service, Gift Cards Available",Huertas,236,79,28,10,14,367,528
303,La Terraza de Oscar,d4475255,4.5,1068,,True,False,421,False,False,"Bar, Mediterranean, European, Spanish","Vegetarian Friendly, Gluten Free Options",Drinks,,Centro,105,31,12,9,14,171,793
304,Sanissimo Opera,d10323086,4.5,394,$,True,True,423,False,False,"International, Mediterranean, European, Healthy, Soups","Vegan Options, Vegetarian Friendly, Gluten Free Options",,,Austrias,82,18,2,3,1,106,223
305,DSTAGE,d6884911,4.5,2215,$$$$,True,False,3447,False,False,"International, Mediterranean, European, Spanish, Contemporary","Vegetarian Friendly, Vegan Options, Gluten Free Options",,,Centro,209,36,11,8,6,270,1842
306,Inti de Oro,d3971140,4.0,603,$$ - $$$,True,False,430,False,False,"Peruvian, Latin","Vegetarian Friendly, Gluten Free Options",,,Huertas,37,25,2,1,0,65,491
307,Cafeteria Neila,d3182123,4.5,133,$,False,False,48,False,False,"Spanish, Bar",Vegetarian Friendly,"Breakfast, Lunch, Dinner",,Huertas,12,6,1,0,0,19,89
308,Alma Cheli,d7292235,4.5,615,$$ - $$$,True,True,210,False,False,Spanish,"Vegan Options, Gluten Free Options","Lunch, Dinner",,Chamberi,51,18,1,2,0,72,513
309,La monteria,d794471,4.5,710,$$ - $$$,True,True,319,False,False,"Mediterranean, Spanish","Vegetarian Friendly, Gluten Free Options",,,Retiro,54,24,0,1,0,79,590
310,La Sanabresa,d1507751,4.5,996,$,True,True,531,False,False,"Mediterranean, Spanish","Vegetarian Friendly, Gluten Free Options","Lunch, Dinner, Late Night",,Huertas,195,84,23,12,5,319,423
311,Restaurante Chulla Ville,d23109805,5.0,59,$$ - $$$,True,False,107,False,False,"Mediterranean, Contemporary, Fusion, Ecuadorean, Japanese Fusion",Vegan Options,,,San Blas - Canillejas,2,0,0,0,0,2,55
312,Saddle Madrid,d19378573,4.5,164,$$$$,False,True,468,False,False,"Mediterranean, Spanish",,"Lunch, Dinner","Reservations, Seating, Serves Alcohol, Full Bar, Table Service",Chamberi,16,3,1,0,0,20,134
313,Ferretería Restaurante,d15210699,4.5,404,$$ - $$$,True,True,570,False,False,"Bar, Mediterranean, Spanish",Gluten Free Options,"Lunch, Dinner, Drinks",,Huertas,47,7,1,1,1,57,297
314,AskuaBarra,d7315858,4.5,422,$$ - $$$,True,False,414,False,False,"Mediterranean, European, Spanish",Gluten Free Options,"Lunch, Dinner",,Centro,51,4,2,0,1,58,348
315,LOS GRIFOS Craft Beers,d11506345,4.5,229,$$ - $$$,True,False,162,False,False,"Brew Pub, Bar, Pub",,"Lunch, Dinner, Late Night, Drinks",,Universidad,25,8,2,0,0,35,155
316,Casa Jacinto,d2000855,4.5,271,$$ - $$$,True,False,174,False,False,"Mediterranean, European, Spanish","Vegetarian Friendly, Gluten Free Options",,,Centro,28,12,1,0,0,41,187
317,Paco Roncero Restaurante,d804175,4.5,688,$$$$,True,True,1107,False,False,"Mediterranean, European, Spanish, Contemporary","Vegetarian Friendly, Gluten Free Options",,,Sol,145,19,17,8,9,198,391
318,La MaMá Restaurante,d7933973,4.5,225,$$ - $$$,True,False,195,True,False,"Contemporary, Mediterranean, European, Spanish, Healthy","Vegetarian Friendly, Gluten Free Options",,,Chamberi,15,1,0,0,1,17,196
319,Soy Kitchen,d12264336,4.5,282,$$$$,True,False,608,False,False,Asian,Gluten Free Options,,,Chamberi,14,5,2,0,0,21,252
320,Estancia La Adriana,d4261978,4.5,486,$$ - $$$,True,True,345,False,False,"Steakhouse, European, Argentinean","Vegetarian Friendly, Gluten Free Options","Lunch, Dinner, Late Night",,Sol,83,29,10,4,2,128,198
321,Alcaravea,d2403049,4.5,523,$$ - $$$,True,False,241,False,False,"Mediterranean, European, Spanish, Healthy","Vegetarian Friendly, Vegan Options, Gluten Free Options","Lunch, Dinner, Late Night",,Chamberi,87,11,2,2,0,102,386
322,Kabuki Wellington,d1187547,4.5,974,$$$$,True,False,1094,False,False,"Japanese, Sushi, Asian, Healthy","Vegetarian Friendly, Vegan Options, Gluten Free Options","Lunch, Dinner, Late Night",,Salamanca (District),65,18,16,4,8,111,812
323,Flax & Kale Trafalgar,d25045644,5.0,53,$$ - $$$,True,False,45,True,False,"Mediterranean, Fusion, Healthy","Vegan Options, Gluten Free Options",,,0.3 miles from Malasana,3,0,0,0,0,3,48
324,Abaceria Tapas Lambuzo Conchas,d3870080,4.5,455,$$ - $$$,True,False,232,False,False,"Mediterranean, European, Spanish","Vegetarian Friendly, Gluten Free Options","Lunch, Dinner",,Sol,40,12,4,0,1,57,331
325,La Tasqueria de Javi Estevez,d7686369,4.5,1253,$$ - $$$,True,True,2235,True,False,"Mediterranean, European, Spanish",Gluten Free Options,"Lunch, Dinner",,Salamanca (District),75,20,3,4,4,106,1043
326,El Viejo Almacen De Buenos Aires,d3334499,4.5,749,$$ - $$$,True,True,510,False,True,"Steakhouse, Latin, Barbecue, Argentinean",Gluten Free Options,,,Pena Grande,11,5,0,1,1,18,718
327,Paperboy Perrito Bar,d9794460,4.5,281,$,True,False,274,False,False,"American, Fast Food, Street Food, Venezuelan",,"Lunch, Dinner, Drinks",,Chamberi,14,3,1,0,0,18,259
328,Empanadas Malvón,d18455067,5.0,86,$$ - $$$,True,False,60,False,False,"Latin, Argentinean, Spanish",Vegetarian Friendly,,,Salamanca (District),2,1,0,0,0,3,80
329,Burnout Burgers,d8123529,4.5,634,$$ - $$$,True,True,334,True,True,"American, International",Gluten Free Options,,,Chamberi,31,12,2,1,2,48,574
330,Taberna Laredo,d1049710,4.5,764,$$ - $$$,True,True,365,False,False,"Mediterranean, European, Spanish, Healthy","Vegetarian Friendly, Vegan Options, Gluten Free Options","Lunch, Dinner, Late Night",,Retiro,60,18,3,0,1,82,638
331,marmitón,d19983713,5.0,91,$$ - $$$,True,False,356,True,False,"Mediterranean, European, Spanish, Contemporary, Fusion",Gluten Free Options,,,Centro,12,0,0,0,0,12,74
332,La Castela,d777072,4.5,1204,$$ - $$$,True,True,572,False,False,"Mediterranean, Spanish","Vegetarian Friendly, Vegan Options, Gluten Free Options",,,Retiro,125,34,10,1,4,174,975
333,Los Espetinhos,d12099376,4.5,214,$$ - $$$,True,False,155,True,False,"Steakhouse, Brazilian, Barbecue",Gluten Free Options,"Lunch, Dinner",,Universidad,13,4,1,0,1,19,169
334,Atico Restaurant,d7779187,4.5,1123,$$$$,True,False,1012,False,False,"Mediterranean, Spanish, Contemporary, Healthy, European","Vegetarian Friendly, Vegan Options, Gluten Free Options",,,Justicia,62,18,14,7,4,105,955
335,Origem Açai Madrid,d25375598,5.0,61,,True,False,50,False,False,"Brazilian, Spanish",,"Breakfast, Lunch, Dinner, Brunch, Late Night, Drinks","Delivery, Takeout, Street Parking, Accepts Mastercard, Accepts Visa, Cash Only, Accepts Discover, Accepts Credit Cards, Seating, Serves Alcohol, Table Service",0.3 miles from Gran Via,6,0,0,0,0,6,38
336,Arahy,d8720375,4.5,524,$$$$,True,False,506,False,False,"Mediterranean, European, Spanish, Healthy","Vegetarian Friendly, Vegan Options, Gluten Free Options","Lunch, Dinner",,Barrio de Salamanca,38,12,0,1,0,51,445
337,Trattoria Malatesta,d1963635,4.5,2141,$$ - $$$,True,False,804,True,False,"Italian, Pizza, Mediterranean, European, Neapolitan, Campania, Romana, Lazio, Sicilian, Central-Italian, Southern-Italian","Vegetarian Friendly, Vegan Options, Gluten Free Options","Lunch, Dinner, Late Night","Takeout, Reservations, Outdoor Seating, Seating, Highchairs Available, Serves Alcohol, Full Bar, Accepts Credit Cards, Table Service",Sol,312,112,27,12,11,474,1003
338,Yokaloka,d6704298,4.5,528,$$ - $$$,True,False,534,False,False,"Asian, Japanese, Sushi","Vegetarian Friendly, Vegan Options, Gluten Free Options",,,Embajadores,42,11,0,1,0,54,431
339,Fiaschetteria La Saletta,d6736921,4.5,298,$,True,False,176,False,False,"Italian, Pizza, Mediterranean, European, Romana, Lazio, Central-Italian","Vegetarian Friendly, Vegan Options",,,Embajadores,29,5,1,0,1,36,201
340,Sr. Ito Lab,d13504426,4.5,232,$$ - $$$,True,False,266,False,False,"Japanese, Sushi, Asian, Fusion","Vegetarian Friendly, Vegan Options, Gluten Free Options",,,Chamberi,4,0,0,0,1,5,225
341,Alconada,d991746,4.5,232,$$ - $$$,True,False,182,True,False,"Mediterranean, Spanish","Vegetarian Friendly, Gluten Free Options",,,Chopera,5,0,1,0,0,6,221
342,Casa Toni,d1907082,4.5,823,$,False,True,560,False,False,"Bar, Mediterranean, Spanish, Grill, Street Food",,"Lunch, Dinner, Late Night","Seating, Serves Alcohol, Full Bar, Accepts Credit Cards, Table Service",Sol,256,83,14,5,6,364,254
343,El Alambique Taberna,d2667298,4.5,365,$,True,False,166,False,False,"Mediterranean, Spanish","Vegetarian Friendly, Vegan Options","Lunch, Dinner, Late Night",,Huertas,50,14,4,0,0,68,174
344,Vinoteca Vides,d5864370,4.5,368,$$ - $$$,True,True,158,False,False,"Mediterranean, European, Spanish, Wine Bar",Gluten Free Options,"Late Night, Drinks",,Centro,77,16,1,0,2,96,229
345,Tandoori Station,d784409,4.5,2112,$$ - $$$,True,False,1188,False,False,"Indian, Asian, Healthy","Vegetarian Friendly, Vegan Options, Gluten Free Options",,,Salamanca (District),169,90,23,4,11,297,1770
346,Kitchen 154 (Vallehermoso),d9744017,4.5,472,$$ - $$$,True,False,437,False,False,"Indian, Asian, Thai, Korean, Fusion",Vegetarian Friendly,,,Chamberi,13,6,2,1,1,23,446
347,Restaurante La Vanduca,d8015602,4.5,342,$$ - $$$,True,True,199,False,False,"Mediterranean, Spanish, European, Healthy","Vegetarian Friendly, Vegan Options, Gluten Free Options","Lunch, Dinner, Brunch",,Salamanca (District),17,16,3,1,1,38,271
348,Ramen Kagura Ópera,d6908622,4.5,1297,$$ - $$$,True,True,1087,False,False,"Soups, Japanese, Sushi, Asian","Vegetarian Friendly, Vegan Options",,,Sol,75,52,12,5,9,153,1044
349,Aloha Poké Chueca,d12450955,4.5,445,$$ - $$$,True,True,288,False,True,"Fast Food, Healthy, Hawaiian, International","Vegetarian Friendly, Vegan Options, Gluten Free Options",,,Centro,20,4,0,1,2,27,409
350,PICCOLO DIAVOLO,d3438302,4.5,689,$$ - $$$,True,False,297,False,True,"Italian, Pizza, Mediterranean, European, Neapolitan, Campania, Sicilian, Southern-Italian","Vegetarian Friendly, Vegan Options, Gluten Free Options",,,Huertas,88,24,7,5,1,125,357
351,Vietnam Restaurante,d4586861,4.5,744,$$ - $$$,True,True,337,True,False,"Asian, Vietnamese, Healthy","Vegetarian Friendly, Gluten Free Options",,,Huertas,96,29,17,11,7,160,515
352,El pedrusco de Aldealcorvo,d991390,4.5,223,$$ - $$$,True,False,263,True,False,"European, Spanish, International, Mediterranean, Contemporary, Fusion",,"Lunch, Dinner",,Chamberi,6,0,3,0,0,9,207
353,Sacha,d991775,4.5,554,$$$$,False,False,362,False,False,"Mediterranean, European, Spanish","Vegetarian Friendly, Gluten Free Options","Lunch, Dinner, Late Night",,Chamartin,40,12,4,2,1,59,482
354,The Market Madrid,d5780943,4.5,501,$$ - $$$,True,False,256,False,False,"Mediterranean, European, Spanish, International","Vegetarian Friendly, Vegan Options, Gluten Free Options",,,Chamartin,85,15,0,0,0,100,356
355,Mad Cafe,d1884794,4.5,610,$$ - $$$,True,False,271,False,False,American,Gluten Free Options,,,Centro,37,22,6,0,2,67,515
356,East 47,d991850,4.5,467,$$ - $$$,True,False,307,True,False,"Mediterranean, Spanish, Bar, Contemporary","Vegetarian Friendly, Vegan Options, Gluten Free Options",,,Huertas,48,36,7,3,4,98,306
357,La Taberna De Moncloa,d5489503,4.5,357,$,True,True,102,False,False,"Bar, Mediterranean, European, Spanish","Vegetarian Friendly, Gluten Free Options","Breakfast, Lunch, Dinner, Late Night",,Chamberi,9,1,0,1,0,11,331
358,La Portuguesa Taberna,d7994374,4.5,170,$$ - $$$,True,False,177,False,False,Portuguese,Vegetarian Friendly,"Lunch, Dinner",,Arguelles,17,1,0,2,0,20,132
359,Tras os montes,d1553154,4.5,336,$$$$,True,False,153,False,False,"Mediterranean, European, Portuguese",Gluten Free Options,,,Mirasierra,12,1,1,0,0,14,311
360,La Rotonda,d1966480,4.5,528,$$$$,True,False,373,True,False,"Spanish, Mediterranean, European, International","Vegetarian Friendly, Vegan Options, Gluten Free Options",,,Huertas,153,47,17,5,6,228,198
361,Pizzie & Dixie,d12494376,4.5,210,$$ - $$$,True,False,195,False,False,"Italian, Pizza, Mediterranean, European, Healthy","Vegetarian Friendly, Vegan Options, Gluten Free Options","Lunch, Dinner, Drinks",,Universidad,14,5,2,0,0,21,181
362,BLoved,d2001964,4.5,475,$$ - $$$,True,False,428,True,False,"International, Fusion, Mediterranean, European, Spanish","Vegetarian Friendly, Vegan Options, Gluten Free Options",,,Centro,53,10,4,5,2,74,350
363,La Castafiore,d717266,4.0,647,$$ - $$$,True,False,177,False,False,"Mediterranean, European, Spanish","Vegan Options, Gluten Free Options, Vegetarian Friendly",,,Salesas,56,22,9,4,1,92,482
364,Foodtruck,d7255558,4.5,608,$$ - $$$,True,False,778,False,False,"American, Steakhouse, Fast Food",Gluten Free Options,"Lunch, Dinner",,Centro,7,3,0,0,0,10,590
365,Superchulo,d12555789,4.0,1385,$$ - $$$,True,True,1476,False,False,"Mediterranean, European, Healthy, Gastropub","Vegetarian Friendly, Vegan Options, Gluten Free Options",,,Universidad,42,12,10,3,8,75,1279
366,Chocolat Madrid,d1788549,4.5,839,$,True,True,509,False,True,"Mediterranean, European, Spanish",Vegetarian Friendly,"Lunch, Breakfast, Brunch, Drinks",,Huertas,215,85,29,13,4,346,282
367,Mesón del Champiñón,d809698,4.5,1025,$$ - $$$,True,True,802,False,False,"Bar, European, Spanish",Vegetarian Friendly,"Lunch, Dinner, Late Night, Drinks","Seating, Serves Alcohol, Full Bar, Wine and Beer, Accepts Mastercard, Accepts Visa, Accepts Credit Cards, Table Service, Live Music",Centro,232,91,21,4,6,354,326
368,El Sainete,d12028049,4.5,351,$$ - $$$,True,False,486,False,False,"Brew Pub, Mediterranean, European, Spanish","Vegetarian Friendly, Vegan Options, Gluten Free Options",,,Chamberi,19,4,3,1,0,27,311
369,Massa Pizza,d12169315,4.5,452,$$ - $$$,True,False,262,False,False,"Pizza, Italian, Mediterranean, European, Fusion","Vegetarian Friendly, Vegan Options",,,Centro,46,14,2,2,4,68,336
370,Kabuki,d717249,4.5,725,$$$$,True,False,598,True,False,"Japanese, Sushi, Asian, Healthy","Vegetarian Friendly, Gluten Free Options","Lunch, Dinner, Late Night",,Cuatro Caminos,38,23,9,2,4,76,612
371,Restaurante Volvoreta,d1504978,4.5,655,$$$$,True,False,557,False,False,"Mediterranean, European, Spanish","Vegetarian Friendly, Vegan Options, Gluten Free Options",,,Financial District (Paseo Castellana),30,12,10,3,1,56,557
372,Beytna Restaurante,d18968021,4.5,271,$$ - $$$,True,False,276,True,True,"Mediterranean, Middle Eastern, Arabic","Halal, Vegetarian Friendly, Vegan Options",,,Piovera,33,1,0,0,1,35,222
373,Casa Gonzalez,d1178110,4.5,530,$$ - $$$,False,True,335,False,False,Spanish,Gluten Free Options,"Lunch, Dinner, Brunch, Late Night, Drinks",,Huertas,139,41,7,1,7,195,208
374,Ochenta Grados Malasaña,d5267268,4.0,1442,$$ - $$$,True,True,1497,False,False,"Bar, Fast Food, Contemporary, Mediterranean, Spanish","Vegetarian Friendly, Vegan Options, Gluten Free Options","Lunch, Dinner, Late Night",,Universidad,69,36,8,3,2,118,1190
375,La Perejila,d1368359,4.5,492,$$ - $$$,False,True,282,False,False,"Bar, Mediterranean, Spanish",Vegetarian Friendly,"Lunch, Dinner, Late Night, Drinks",,Centro,69,22,10,0,4,105,271
376,Moharaj,d1047563,4.5,508,$$ - $$$,True,False,234,False,False,"Indian, Asian, Balti","Vegetarian Friendly, Vegan Options, Gluten Free Options",,,Embajadores,84,32,9,3,4,132,351
377,Bar Melo's,d4736332,4.5,565,$,True,False,234,False,True,Spanish,,"Lunch, Dinner",,Embajadores,44,7,5,1,0,57,441
378,Mamúa Café Bar. Specialty coffee,d13361005,4.5,129,$,True,False,136,False,False,"Cafe, European","Vegetarian Friendly, Vegan Options, Gluten Free Options",,,Embajadores,37,6,0,1,0,44,61
379,El Brasero de Don Pedro,d1060299,4.5,847,$$$$,True,False,333,False,False,"Steakhouse, Mediterranean, European, Spanish, Grill","Vegetarian Friendly, Gluten Free Options",,,San Blas - Canillejas,60,29,0,0,0,89,655
380,Restaurante El Fermín,d3865406,4.5,817,$$ - $$$,False,False,285,False,False,"Mediterranean, Spanish","Vegetarian Friendly, Vegan Options, Gluten Free Options",,,,7,2,1,0,0,10,806
381,BIZZO! Moncloa,d15192227,4.5,170,$,True,True,180,False,True,"Italian, Pizza, European, Mediterranean","Vegetarian Friendly, Vegan Options",,,Chamberi,13,0,0,0,0,13,153
382,Ronda 14,d8629367,4.5,984,$$ - $$$,True,True,973,False,False,"Japanese, Peruvian, Latin, Sushi, Spanish, Asian, Healthy, Fusion","Vegetarian Friendly, Vegan Options, Gluten Free Options",,,Salamanca (District),36,10,2,2,3,53,920
383,Doppelganger,d21167736,4.5,161,$$ - $$$,True,True,380,False,False,"International, Fusion",,"Lunch, Dinner, Drinks",,Embajadores,8,0,1,1,0,10,143
384,Jarritus,d6586181,4.0,559,$$ - $$$,True,True,459,True,False,"Mediterranean, Spanish, European","Vegetarian Friendly, Vegan Options, Gluten Free Options",,,Salamanca (District),54,25,6,6,1,92,291
385,Amarras,d2216091,4.0,745,$$ - $$$,True,True,215,True,False,"Seafood, Mediterranean, European, Spanish","Vegetarian Friendly, Vegan Options, Gluten Free Options","Lunch, Dinner, Late Night, Drinks",,,5,4,1,0,0,10,733
386,VivaBurger,d1876672,4.0,955,$$ - $$$,True,False,537,False,False,Healthy,"Vegetarian Friendly, Vegan Options, Gluten Free Options","Lunch, Dinner, Brunch, Late Night, Drinks",,Centro,147,48,16,7,8,226,601
387,Casa Revuelta,d2457354,4.5,791,$,False,True,261,False,False,Spanish,,"Lunch, Drinks","Cash Only, Seating, Serves Alcohol, Wine and Beer",Centro,80,21,2,1,4,108,560
388,Restaurante lakasa,d2715774,4.5,1161,$$ - $$$,True,False,1094,False,False,"Spanish, Mediterranean, European, Contemporary","Vegetarian Friendly, Gluten Free Options",,,Chamberi,44,15,3,0,3,65,1075
389,CUATRODEOCHO,d12176065,4.5,236,$$ - $$$,True,True,273,False,False,"Mediterranean, European, Spanish","Vegetarian Friendly, Vegan Options, Gluten Free Options","Lunch, Dinner",,Centro,12,6,0,2,1,21,196
390,Domo Abascal,d8420603,4.5,275,$$ - $$$,True,False,392,True,False,"Mediterranean, European, Spanish","Vegetarian Friendly, Vegan Options, Gluten Free Options","Breakfast, Lunch, Dinner, Brunch",,Chamberi,8,4,2,0,0,14,250
391,De Maria-Gran Via,d2648706,4.5,1281,$$ - $$$,True,False,589,False,False,"Barbecue, Spanish",Gluten Free Options,"Lunch, Dinner, Late Night",,Universidad,188,83,21,25,12,329,592
392,Cazorla,d1096399,4.5,363,$$ - $$$,False,False,134,False,False,"Mediterranean, Spanish","Vegetarian Friendly, Gluten Free Options","Lunch, Dinner, Late Night",,Salamanca (District),24,8,2,0,0,34,292
393,La Ancha,d796361,4.5,566,$$ - $$$,True,True,121,False,False,"Mediterranean, European, Spanish","Vegetarian Friendly, Vegan Options, Gluten Free Options","Lunch, Dinner, Late Night",,Chamartin,21,8,2,0,1,32,515
394,De Maria- Calle Felix Boix,d795312,4.5,848,$$$$,True,False,401,False,False,"Steakhouse, European, Spanish, Argentinean","Vegetarian Friendly, Gluten Free Options",,,Chamartin,58,22,6,0,2,88,702
395,Cantina La Traviesa,d2707751,4.5,666,$$ - $$$,True,False,411,False,False,"Mediterranean, European, Spanish","Vegetarian Friendly, Vegan Options, Gluten Free Options","Lunch, Dinner, Late Night",,Centro,92,40,11,7,8,158,281
396,A’Barra,d10296026,4.5,542,$$$$,True,True,1056,True,False,"Spanish, Healthy, Contemporary, Fusion",,"Lunch, Dinner",,Chamartin,30,13,8,5,2,58,450
397,A vÁnvera,d5774304,4.5,444,$$ - $$$,True,False,251,True,False,"Italian, Mediterranean, European, Romana, Lazio, Sicilian, Central-Italian, Southern-Italian","Vegetarian Friendly, Vegan Options, Gluten Free Options",,,Chamberi,40,14,0,1,0,55,354
398,Fatigas del Querer,d1226279,4.0,1516,$$ - $$$,False,True,678,False,False,Spanish,"Vegetarian Friendly, Gluten Free Options","Lunch, Dinner, Late Night, Drinks",,Huertas,235,120,20,5,4,384,652
399,Sessions,d23462922,4.5,163,$$ - $$$,True,True,173,True,False,"Mediterranean, Spanish, American","Vegetarian Friendly, Vegan Options","Breakfast, Lunch, Dinner, Drinks","Reservations, Outdoor Seating, Seating, Parking Available, Highchairs Available, Wheelchair Accessible, Serves Alcohol, Full Bar, Free Wifi, Accepts Credit Cards, Table Service, Takeout, Private Dining, Street Parking, Free off-street parking, Wine and Beer, Accepts American Express, Accepts Mastercard, Accepts Visa, Dog Friendly, Family style, Non-smoking restaurants",Palos de Moguer,26,3,3,0,2,34,121
400,El Timon Del Terraza,d4149419,4.5,166,$$ - $$$,True,False,157,True,True,"Mediterranean, Seafood, Spanish, Healthy","Vegetarian Friendly, Gluten Free Options",,,Latina,121,36,6,1,2,0,163
401,Alimentacion Quiroga,d10243094,4.5,354,$$ - $$$,False,True,282,False,False,"Mediterranean, European, Spanish, Wine Bar",Gluten Free Options,"Lunch, Dinner, Brunch",,Huertas,64,13,2,4,0,83,170
402,La Rollerie- Calle Mayor,d8134432,4.5,768,$$ - $$$,True,False,540,False,False,"American, Spanish, Contemporary, Cafe, Mediterranean, European","Vegetarian Friendly, Vegan Options, Gluten Free Options","Lunch, Dinner, Brunch, Breakfast","Reservations, Outdoor Seating, Serves Alcohol, Wine and Beer, Accepts Mastercard, Accepts Visa, Free Wifi, Takeout, Seating, Highchairs Available, Wheelchair Accessible, Full Bar, Accepts Credit Cards, Table Service",Sol,123,51,13,11,3,201,363
403,Maye's Bistro Las Tablas,d3437760,4.5,303,$$ - $$$,True,False,157,False,True,"American, Fast Food","Vegetarian Friendly, Gluten Free Options",,,Valverde,5,1,1,0,0,7,295
404,Palacio de Anglona,d717361,4.5,543,$$ - $$$,True,False,236,True,False,"Mediterranean, European, Spanish, Fusion",,"Lunch, Dinner, Late Night, Drinks",,La Latina,5,0,2,0,0,7,521
405,Tapa Tapa Santa Ana,d16962497,4.0,719,$$ - $$$,True,True,263,True,False,"Bar, Spanish",Gluten Free Options,"Lunch, Dinner, Late Night, Drinks","Reservations, Outdoor Seating, Seating, Highchairs Available, Wheelchair Accessible, Serves Alcohol, Full Bar, Free Wifi, Accepts Credit Cards, Table Service, Wine and Beer",Huertas,108,23,8,3,8,150,383
406,Restaurante YOUNIQUE Arts Club,d12448512,4.5,496,$$ - $$$,True,True,329,True,False,"Mediterranean, European, Spanish","Vegetarian Friendly, Vegan Options, Gluten Free Options",,,Centro,38,16,2,0,1,57,414
407,Nuria Restaurante Etiope,d2370546,4.5,768,$$ - $$$,True,True,406,True,False,"African, Healthy, Ethiopian","Vegetarian Friendly, Vegan Options, Gluten Free Options","Lunch, Dinner, Late Night",,Universidad,49,23,4,1,4,81,658
408,CHILA,d19888523,5.0,89,$$ - $$$,True,False,165,False,False,"Chinese, Cafe, Asian","Vegan Options, Vegetarian Friendly",,,Centro,14,1,0,0,0,15,61
409,La Pinta y la Vina,d3476953,4.5,173,$$ - $$$,True,False,107,False,False,"Mediterranean, European, Spanish, Wine Bar","Vegetarian Friendly, Vegan Options, Gluten Free Options","Lunch, Dinner",,Castillejos,9,9,0,0,0,18,145
410,Desengaño13,d4473807,4.0,425,$$ - $$$,True,True,256,False,False,"Mediterranean, European, Spanish","Vegetarian Friendly, Vegan Options, Gluten Free Options","Lunch, Dinner, Drinks, Late Night",,Universidad,41,24,3,0,1,69,315
411,Kamado Asian Food X-Madrid,d19526813,4.5,230,$$ - $$$,True,True,187,False,True,"Asian, Thai, Vietnamese, Healthy, Indonesian, Singaporean, Beijing cuisine",,"Lunch, Dinner, Drinks",,,3,0,0,0,0,3,227
412,Malvón Diego de León,d18455074,5.0,66,$$ - $$$,True,False,43,False,False,Argentinean,,"Dinner, Lunch",,Salamanca (District),61,5,0,0,0,0,65
413,Restaurante Ordago,d988073,4.5,253,$$ - $$$,True,False,133,False,False,"Spanish, Healthy",Gluten Free Options,"Lunch, Dinner",,Salamanca (District),11,1,0,0,0,12,230
414,Bodega de los Secretos,d5966584,4.5,1763,$$$$,True,True,1887,False,False,"International, Mediterranean, Spanish","Vegetarian Friendly, Vegan Options, Gluten Free Options",,,Huertas,143,55,30,10,6,244,1343
415,O'Pazo,d991774,4.5,611,$$$$,True,False,368,False,False,"Seafood, Mediterranean, European, Spanish",Gluten Free Options,"Lunch, Dinner, Late Night",,Cuatro Caminos,90,22,6,2,6,126,429
416,Taberna del Capitan Alatriste,d1770178,4.0,776,$$ - $$$,True,False,451,False,False,"Mediterranean, European, Spanish",Gluten Free Options,,,Centro,80,40,13,8,5,146,473
417,Hermanos Ordas,d7231417,4.5,302,$$ - $$$,True,False,207,False,False,Spanish,,"Brunch, Late Night, Lunch, Dinner, Drinks","Takeout, Outdoor Seating, Wheelchair Accessible, Serves Alcohol, Full Bar, Wine and Beer, Reservations, Seating, Accepts Credit Cards, Table Service",Salamanca (District),1,1,1,0,0,3,297
418,El Arquibar,d7229137,4.5,181,$$ - $$$,True,False,167,False,False,"Mediterranean, Spanish, Healthy",,"Breakfast, Lunch, Brunch, Drinks",,Universidad,8,2,0,0,0,10,160
419,O'pulpo,d990889,4.5,353,$$ - $$$,True,True,203,False,False,"Seafood, Mediterranean, European, Spanish","Vegetarian Friendly, Gluten Free Options",,,Embajadores,35,9,1,0,0,45,198
420,Benares Madrid,d8624679,4.0,624,$$$$,True,True,671,True,True,Indian,"Vegetarian Friendly, Vegan Options, Gluten Free Options","Lunch, Dinner, Drinks","Full Bar, Gift Cards Available, Reservations, Private Dining, Seating, Wheelchair Accessible, Serves Alcohol, Wine and Beer, Free Wifi, Accepts Credit Cards, Table Service, Digital Payments",Chamberi,66,21,12,9,10,118,497
421,Matador,d990964,4.5,233,$,True,True,130,False,False,"Bar, Mediterranean, European, Spanish",Vegetarian Friendly,"Lunch, Dinner, Late Night, Drinks",,Sol,62,12,2,1,3,80,75
422,Aloha Poké Goya,d14988978,5.0,84,$$ - $$$,True,False,66,False,True,"Healthy, Hawaiian, Fast Food, International","Vegan Options, Gluten Free Options",,,Salamanca (District),5,0,0,0,0,5,78
423,El Jardin de Orfila by Mario Sandoval,d991441,4.5,377,$$$$,True,False,293,False,False,"Mediterranean, European, Spanish","Vegetarian Friendly, Vegan Options, Gluten Free Options",,,Chamberi,61,20,5,0,1,87,260
424,Chow Chow Madrid,d12431974,4.5,427,$$$$,True,False,525,False,False,"Japanese, Latin, Sushi, Asian","Vegetarian Friendly, Gluten Free Options",,,Chamartin,6,3,1,1,0,11,413
425,Entre Suspiro y Suspiro,d991340,4.0,479,$$ - $$$,True,False,374,True,False,"Mexican, Latin","Vegetarian Friendly, Vegan Options, Gluten Free Options",,,Austrias,28,8,5,0,4,45,415
426,Viridiana,d797208,4.0,1195,$$$$,True,True,975,False,False,"Mediterranean, European, Spanish, Contemporary","Vegetarian Friendly, Vegan Options, Gluten Free Options",,,Paseo del Prado,186,54,29,16,11,296,805
427,Restaurante Gloria Bendita Madrid,d19746605,4.5,165,$$ - $$$,True,False,125,False,False,"Spanish, Mediterranean, Dining bars",,"Lunch, Brunch, Late Night, Drinks",,Austrias,12,3,0,0,0,15,119
428,Restaurante Luxury,d8624466,4.5,547,$$ - $$$,True,False,487,True,True,"Chinese, Japanese, Asian, Fusion, Sushi","Vegetarian Friendly, Vegan Options, Gluten Free Options",,,Chamberi,18,5,3,2,2,30,458
429,Bar Selva,d4829641,4.5,175,$,True,False,113,False,False,"Spanish, Mediterranean, Contemporary","Vegetarian Friendly, Gluten Free Options",,,Universidad,20,5,0,0,0,25,124
430,Verdejo,d4996070,4.5,404,$$ - $$$,True,False,311,False,False,"Mediterranean, European, Spanish, Healthy","Vegetarian Friendly, Vegan Options, Gluten Free Options","Lunch, Dinner",,Salamanca (District),18,4,0,0,0,22,375
431,Taberna La Catapa,d1929385,4.5,623,$$ - $$$,False,False,242,False,False,"Mediterranean, European, Spanish, Healthy","Vegetarian Friendly, Vegan Options, Gluten Free Options","Lunch, Dinner, Late Night",,Retiro,42,11,6,1,2,62,529
432,Restaurante Solidere,d5768761,4.0,420,$$ - $$$,True,False,323,False,False,"Lebanese, Mediterranean","Vegetarian Friendly, Vegan Options, Halal, Gluten Free Options","Lunch, Dinner, Late Night",,Chamartin,13,8,5,1,0,27,383
433,Casa Gallega,d697476,4.0,845,$$$$,True,True,471,False,False,"Seafood, Mediterranean, Spanish, Healthy",Gluten Free Options,"Lunch, Dinner, Late Night, Drinks","Reservations, Private Dining, Seating, Highchairs Available, Wheelchair Accessible, Serves Alcohol, Full Bar, Free Wifi, Accepts Credit Cards, Table Service",Sol,131,63,22,10,6,232,383
434,Ganz Wine Bar,d4358449,4.5,414,$$ - $$$,True,False,268,True,False,"Mediterranean, European, Spanish","Vegetarian Friendly, Vegan Options, Gluten Free Options","Lunch, Dinner, Brunch, Late Night","Reservations, Seating, Wheelchair Accessible, Serves Alcohol, Full Bar, Free Wifi, Accepts Credit Cards, Table Service",Huertas,66,16,5,4,1,92,272
435,Artemisa Sol - Huertas,d697414,4.0,630,$$ - $$$,True,False,217,False,True,"Mediterranean, European, Spanish, Healthy","Vegetarian Friendly, Vegan Options, Gluten Free Options","Lunch, Dinner, Late Night",,Huertas,69,38,18,8,6,139,438
436,Beefcious Las Tablas,d4049404,4.0,484,$$ - $$$,True,False,248,False,False,American,,"Lunch, Dinner, Late Night",,Valverde,10,10,2,0,1,23,454
437,Rocacho,d12659924,4.5,395,$$$$,True,False,356,False,False,"Steakhouse, Mediterranean, European, Spanish",Gluten Free Options,,,Chamartin,15,5,3,2,1,26,351
438,La Piccola Trattoria,d10836250,4.5,333,$$ - $$$,True,True,203,False,False,"Italian, Pizza, Romana, Lazio, Sicilian, Central-Italian, Northern-Italian, Southern-Italian","Vegetarian Friendly, Vegan Options",,,Embajadores,54,3,0,0,1,58,237
439,Casa Pedro,d3609685,4.5,333,$$ - $$$,True,False,206,True,False,"Mediterranean, Spanish, Grill","Vegetarian Friendly, Gluten Free Options",,,Tres Olivos,23,9,1,0,1,34,280
440,La Ideal,d991125,4.0,660,$,True,True,240,False,False,"Bar, Spanish, Fast Food, Mediterranean",,"Lunch, Dinner, Late Night","Takeout, Serves Alcohol, Full Bar, Wine and Beer, Cash Only, Seating",Sol,33,19,5,2,1,60,480
441,New York Burger San Germán,d1899085,4.0,705,$$ - $$$,True,False,238,False,False,"American, Barbecue",Gluten Free Options,,,Cuatro Caminos,21,18,6,1,2,48,637
442,L'Artisan Furansu Kitchen,d3745959,4.5,385,$$ - $$$,True,False,229,False,False,"Japanese, Sushi, Asian","Vegetarian Friendly, Vegan Options, Gluten Free Options",,,Embajadores,61,23,4,2,1,91,252
443,Ondinas Do Mendo,d2208969,4.5,294,$,False,False,92,False,False,"Bar, Mediterranean, Spanish",,"Lunch, Dinner, Late Night","Reservations, Seating, Television, Serves Alcohol, Full Bar, Table Service",Berruguete,10,3,0,0,0,13,266
444,La Pulpería de Victoria,d3134558,4.0,1315,$$ - $$$,True,True,851,True,False,"Seafood, Mediterranean, European, Spanish",Gluten Free Options,"Lunch, Dinner, Late Night",,Sol,106,55,19,7,2,189,679
445,Restaurante Korea,d991203,4.0,381,$$ - $$$,False,False,259,False,False,Korean,"Vegetarian Friendly, Vegan Options, Gluten Free Options","Lunch, Dinner, Late Night",,Chamberi,8,7,4,1,2,22,343
446,Gustos Madrid,d11695449,4.5,651,$$ - $$$,True,True,428,True,False,"Mediterranean, European, Spanish, Catalan","Vegetarian Friendly, Vegan Options, Gluten Free Options",,,Sol,108,49,22,5,5,189,170
447,Honest Greens Hortaleza,d14210008,4.0,412,$$ - $$$,True,True,457,False,False,"Mediterranean, European, Healthy","Vegan Options, Vegetarian Friendly, Gluten Free Options",,,Centro,54,22,3,0,3,82,296
448,Kritikos,d11918405,4.5,227,$$ - $$$,True,False,256,False,True,"Mediterranean, European, Greek","Vegetarian Friendly, Vegan Options, Gluten Free Options",,,Centro,30,4,1,0,0,35,180
449,Venta El Buscon,d990632,4.0,1886,$$ - $$$,True,False,1127,False,False,"Bar, Mediterranean, Spanish",Gluten Free Options,,,Sol,226,92,33,13,14,378,547
450,Healthy Hunters,d15564712,4.5,138,$$ - $$$,True,False,46,False,True,"Healthy, Mediterranean, Hawaiian","Vegetarian Friendly, Gluten Free Options, Vegan Options",,,Chamartin,7,2,1,0,0,10,121
